post_id,post_date,buyer_id,disease,symptom1_mobility,symptom2_bowel,symptom3_infectious,symptom4_bedsore,symptom5_dementia,symptom6_suction,predicted_price,status,start_date,end_date
1,2025-03-05 23:32:11,77,암,0,0,0,0,0,0,68743,삭제,2025-04-03,2025-05-15
2,2025-06-09 23:32:11,56,당뇨병,0,1,0,0,0,1,130758,매칭,2025-06-30,2025-09-24
3,2025-06-19 23:32:11,92,골다공증,0,0,0,1,1,0,84084,지원,2025-07-13,2025-08-01
4,2025-05-16 23:32:11,100,폐질환,0,0,0,0,0,0,67633,지원,2025-06-06,2025-08-26
5,2024-09-25 23:32:11,22,파킨슨병,0,0,0,0,0,0,149073,등록,2024-10-02,2024-12-26
6,2024-08-26 23:32:11,18,암,0,0,0,1,0,0,67625,지원,2024-09-02,2024-10-08
7,2025-02-01 23:32:11,97,파킨슨병,0,0,0,0,0,0,120587,진행 중,2025-02-28,2025-04-01
8,2024-10-24 23:32:11,21,심장질환,0,0,0,0,0,0,69201,지원,2024-10-27,2025-01-22
9,2025-03-21 23:32:11,30,관절염,0,0,1,0,1,0,138733,지원,2025-04-06,2025-04-18
10,2025-03-01 23:32:11,17,당뇨병,0,0,0,1,0,0,112711,매칭,2025-03-26,2025-04-25
11,2025-04-22 23:32:11,21,심장질환,0,0,0,0,0,0,66163,지원,2025-05-10,2025-07-15
12,2024-10-30 23:32:11,85,척추질환,0,0,0,0,1,0,140373,진행 중,2024-11-10,2024-11-25
13,2024-09-02 23:32:11,86,고혈압,0,0,0,0,0,0,95033,진행 중,2024-09-08,2024-11-14
14,2025-07-08 23:32:11,80,당뇨병,1,0,0,0,0,1,105249,매칭,2025-08-02,2025-10-07
15,2024-11-04 23:32:11,25,심장질환,0,0,0,1,1,0,85298,지원,2024-11-29,2024-12-12
16,2025-06-20 23:32:11,98,당뇨병,0,0,0,0,1,0,102188,등록,2025-06-26,2025-07-28
17,2025-06-02 23:32:11,93,치매,0,0,0,0,0,0,99841,등록,2025-06-26,2025-09-13
18,2025-04-23 23:32:11,73,골다공증,0,0,0,0,0,0,147539,매칭,2025-05-01,2025-05-18
19,2024-12-06 23:32:11,52,당뇨병,0,1,0,0,0,0,130354,지원,2025-01-03,2025-03-30
20,2024-11-28 23:32:11,14,심장질환,1,0,0,0,1,0,74022,등록,2024-12-05,2024-12-10
21,2025-07-02 23:32:11,65,고혈압,1,0,0,0,0,0,103744,매칭,2025-07-23,2025-09-13
22,2025-03-20 23:32:11,55,암,0,1,0,0,1,0,80620,지원,2025-04-10,2025-05-22
23,2025-03-24 23:32:11,13,골다공증,0,0,1,1,0,0,140353,등록,2025-04-21,2025-05-12
24,2024-12-24 23:32:11,28,폐질환,0,1,0,0,0,0,146722,등록,2025-01-05,2025-03-11
25,2025-04-05 23:32:11,87,관절염,0,0,0,0,0,0,133588,매칭,2025-04-13,2025-06-10
26,2024-11-29 23:32:11,31,척추질환,1,1,0,0,0,0,126295,등록,2024-12-05,2025-02-24
27,2025-03-01 23:32:11,95,관절염,0,0,0,0,0,0,109560,진행 중,2025-03-24,2025-05-25
28,2025-02-16 23:32:11,10,당뇨병,0,1,0,0,1,0,114379,등록,2025-02-26,2025-03-13
29,2025-01-13 23:32:11,17,골다공증,0,0,0,0,1,0,96804,매칭,2025-02-01,2025-03-19
30,2025-03-15 23:32:11,21,폐질환,1,0,0,0,0,1,148605,삭제,2025-03-22,2025-04-14
31,2024-12-24 23:32:11,96,심장질환,1,0,0,0,0,0,105731,진행 중,2025-01-08,2025-01-31
32,2025-06-01 23:32:11,88,심장질환,0,0,0,0,0,0,55926,매칭,2025-06-26,2025-07-04
33,2025-02-21 23:32:11,58,관절염,0,0,1,0,0,0,118056,매칭,2025-03-07,2025-04-03
34,2025-03-25 23:32:11,66,골다공증,0,0,0,0,1,0,69873,삭제,2025-04-14,2025-06-28
35,2024-11-14 23:32:11,16,폐질환,0,0,0,0,0,0,116549,매칭,2024-11-19,2025-02-12
36,2024-07-21 23:32:11,54,고혈압,0,0,0,0,0,0,86060,매칭,2024-08-14,2024-11-02
37,2025-05-21 23:32:11,58,당뇨병,0,0,0,1,0,0,118926,등록,2025-06-12,2025-07-06
38,2025-06-15 23:32:11,76,암,1,0,0,0,0,0,126256,등록,2025-07-05,2025-08-21
39,2024-09-05 23:32:11,75,신장질환,0,0,0,0,0,0,80254,진행 중,2024-09-16,2024-09-25
40,2024-08-24 23:32:11,90,골다공증,0,1,0,0,0,0,85525,매칭,2024-09-06,2024-10-27
41,2025-06-10 23:32:11,19,암,1,1,0,1,0,0,76201,등록,2025-06-17,2025-07-26
42,2025-03-08 23:32:11,35,관절염,1,0,0,0,0,0,63975,지원,2025-03-29,2025-04-28
43,2024-07-16 23:32:11,24,암,0,0,0,1,0,0,59833,진행 중,2024-07-22,2024-09-04
44,2024-09-17 23:32:11,73,당뇨병,0,0,1,0,0,0,147798,등록,2024-10-02,2024-12-23
45,2024-11-09 23:32:11,32,척추질환,1,0,1,0,0,0,120968,지원,2024-11-30,2025-02-20
46,2025-03-06 23:32:11,69,폐질환,0,0,0,1,0,0,140536,등록,2025-03-27,2025-06-03
47,2025-04-20 23:32:11,71,폐질환,0,1,0,0,0,0,95232,매칭,2025-04-26,2025-07-05
48,2025-05-11 23:32:11,98,암,0,1,0,0,0,0,62924,삭제,2025-05-23,2025-08-19
49,2024-09-24 23:32:11,40,신장질환,0,1,0,0,0,0,124905,지원,2024-10-08,2025-01-02
50,2024-11-25 23:32:11,15,고혈압,0,0,0,1,0,0,79118,매칭,2024-12-19,2024-12-22
51,2025-06-01 23:32:11,72,뇌졸중,0,0,0,0,0,0,56852,진행 중,2025-06-25,2025-07-07
52,2025-07-07 23:32:11,74,관절염,0,0,0,0,0,0,117821,매칭,2025-07-17,2025-09-15
53,2024-10-20 23:32:11,84,치매,0,1,1,0,1,0,135120,등록,2024-10-28,2024-11-29
54,2025-03-30 23:32:11,48,고혈압,0,0,0,1,1,0,104400,지원,2025-04-22,2025-05-13
55,2024-10-19 23:32:11,30,치매,0,1,0,0,0,0,76819,삭제,2024-10-21,2024-11-16
56,2024-11-30 23:32:11,5,신장질환,1,1,0,0,0,0,102142,매칭,2024-12-09,2025-03-04
57,2024-12-01 23:32:11,88,심장질환,1,0,0,0,1,0,75556,지원,2024-12-03,2025-01-13
58,2024-08-11 23:32:11,51,암,0,0,0,0,1,0,82602,매칭,2024-08-31,2024-09-16
59,2025-05-10 23:32:11,34,파킨슨병,0,0,0,1,0,0,91814,등록,2025-05-13,2025-05-17
60,2024-09-15 23:32:11,58,심장질환,0,0,0,0,1,1,73952,삭제,2024-09-18,2024-12-04
61,2024-12-17 23:32:11,79,파킨슨병,1,0,0,0,0,0,52659,지원,2025-01-16,2025-02-20
62,2025-06-15 23:32:11,19,척추질환,0,0,0,1,0,0,103330,진행 중,2025-06-18,2025-07-30
63,2024-12-26 23:32:11,19,신장질환,0,1,0,0,1,0,102142,지원,2025-01-19,2025-02-26
64,2024-09-01 23:32:11,53,당뇨병,0,0,0,0,0,0,61240,등록,2024-10-01,2024-11-11
65,2025-05-08 23:32:11,68,신장질환,1,0,0,1,0,0,85292,진행 중,2025-05-24,2025-06-23
66,2025-06-10 23:32:11,12,척추질환,1,1,0,0,1,0,66288,삭제,2025-06-19,2025-08-19
67,2024-08-25 23:32:11,9,파킨슨병,1,1,0,0,0,0,121853,삭제,2024-09-03,2024-09-22
68,2024-09-10 23:32:11,26,심장질환,0,0,0,0,0,0,81259,등록,2024-09-22,2024-11-06
69,2024-08-07 23:32:11,67,신장질환,1,0,0,0,0,0,143905,지원,2024-08-19,2024-08-25
70,2024-10-05 23:32:11,90,관절염,0,0,0,0,0,0,133375,등록,2024-10-29,2024-12-17
71,2025-01-07 23:32:11,13,심장질환,1,0,0,1,0,0,53828,매칭,2025-02-06,2025-04-01
72,2024-08-05 23:32:11,9,고혈압,0,1,0,1,0,0,72207,삭제,2024-08-24,2024-09-04
73,2025-03-10 23:32:11,77,뇌졸중,0,0,0,0,0,0,72432,진행 중,2025-03-17,2025-05-25
74,2025-02-12 23:32:11,8,척추질환,0,0,0,0,1,0,88211,지원,2025-02-16,2025-05-09
75,2024-11-18 23:32:11,19,신장질환,0,1,0,0,1,0,86636,매칭,2024-11-20,2025-01-10
76,2024-10-22 23:32:11,75,치매,0,0,0,0,0,0,149932,등록,2024-11-07,2024-12-17
77,2025-04-25 23:32:11,2,골다공증,0,0,0,0,0,0,127872,등록,2025-05-20,2025-06-12
78,2024-09-24 23:32:11,24,신장질환,0,1,0,0,0,0,112493,지원,2024-09-26,2024-10-28
79,2025-01-01 23:32:11,67,신장질환,0,0,0,1,0,0,116677,삭제,2025-01-02,2025-01-26
80,2024-09-28 23:32:11,39,관절염,0,0,0,0,1,0,90379,지원,2024-10-01,2024-11-13
81,2025-03-11 23:32:11,95,척추질환,0,0,0,0,0,1,145040,등록,2025-03-28,2025-05-17
82,2024-08-05 23:32:11,69,척추질환,0,0,0,0,1,0,127362,등록,2024-09-01,2024-09-16
83,2025-03-15 23:32:11,30,고혈압,1,0,0,0,1,1,111516,매칭,2025-04-14,2025-05-01
84,2024-10-10 23:32:11,96,당뇨병,1,0,0,0,0,0,114386,지원,2024-10-23,2024-12-13
85,2025-06-24 23:32:11,85,신장질환,1,0,0,0,1,0,114353,지원,2025-07-13,2025-07-30
86,2024-11-05 23:32:11,99,치매,0,0,0,0,0,0,140768,삭제,2024-11-27,2024-12-16
87,2025-04-15 23:32:11,64,고혈압,0,0,0,0,1,0,57684,삭제,2025-05-05,2025-06-15
88,2025-07-03 23:32:11,46,심장질환,0,0,1,0,1,0,122805,매칭,2025-08-02,2025-10-29
89,2024-12-24 23:32:11,23,골다공증,0,0,0,0,0,0,78398,매칭,2025-01-06,2025-02-10
90,2024-08-20 23:32:11,48,관절염,1,0,0,1,0,0,118026,등록,2024-09-04,2024-11-04
91,2024-12-19 23:32:11,31,치매,0,0,0,0,0,0,101151,진행 중,2024-12-28,2025-01-21
92,2025-01-12 23:32:11,35,골다공증,1,1,0,1,0,0,62866,삭제,2025-02-06,2025-03-15
93,2025-06-08 23:32:11,1,관절염,1,1,0,1,1,0,143718,지원,2025-06-22,2025-09-08
94,2024-07-22 23:32:11,4,척추질환,0,0,0,1,0,1,124085,등록,2024-07-30,2024-08-16
95,2024-11-23 23:32:11,34,신장질환,1,0,0,0,0,0,118487,등록,2024-12-17,2025-02-10
96,2025-03-19 23:32:11,27,폐질환,0,0,0,1,0,0,139400,삭제,2025-04-05,2025-05-30
97,2025-06-13 23:32:11,23,암,0,0,0,0,0,0,58244,진행 중,2025-07-05,2025-08-04
98,2024-10-28 23:32:11,63,척추질환,1,0,0,0,0,0,96154,등록,2024-11-14,2025-02-01
99,2024-11-16 23:32:11,57,암,1,0,0,1,0,0,85205,등록,2024-12-11,2025-02-13
100,2025-02-09 23:32:11,29,척추질환,1,0,0,1,0,1,140930,지원,2025-02-26,2025-05-07
101,2025-01-17 23:32:11,56,고혈압,0,0,0,1,1,0,121854,등록,2025-02-07,2025-02-20
102,2025-06-21 23:32:11,33,신장질환,0,0,1,0,0,0,116852,등록,2025-06-26,2025-08-13
103,2025-06-04 23:32:11,28,파킨슨병,0,0,0,0,0,0,52257,매칭,2025-06-08,2025-07-09
104,2025-06-29 23:32:11,2,골다공증,0,0,0,0,0,0,107505,지원,2025-07-07,2025-07-14
105,2024-10-14 23:32:11,36,파킨슨병,0,0,0,0,0,0,83002,지원,2024-11-08,2024-12-27
106,2025-02-27 23:32:11,54,고혈압,0,1,0,0,0,0,89779,진행 중,2025-03-02,2025-03-27
107,2025-03-26 23:32:11,3,심장질환,0,0,0,0,1,0,142389,삭제,2025-04-18,2025-05-16
108,2025-01-21 23:32:11,16,뇌졸중,0,1,0,0,1,0,80116,등록,2025-02-11,2025-03-08
109,2025-05-21 23:32:11,33,암,0,0,0,0,0,0,106547,진행 중,2025-05-30,2025-07-01
110,2024-10-24 23:32:11,75,뇌졸중,0,0,0,0,1,0,52204,등록,2024-11-21,2025-02-06
111,2025-03-13 23:32:11,79,폐질환,0,0,1,0,0,0,111215,등록,2025-03-22,2025-04-08
112,2025-04-16 23:32:11,59,신장질환,0,1,0,0,0,1,105751,매칭,2025-05-01,2025-05-29
113,2024-08-28 23:32:11,75,뇌졸중,1,0,0,0,0,0,61033,등록,2024-09-02,2024-11-25
114,2024-07-19 23:32:11,52,척추질환,0,0,0,0,0,1,77076,매칭,2024-08-18,2024-11-12
115,2024-12-17 23:32:11,62,암,0,0,0,1,0,0,58811,진행 중,2025-01-02,2025-03-18
116,2025-05-26 23:32:11,77,척추질환,0,0,0,0,0,0,123402,진행 중,2025-06-20,2025-09-04
117,2024-07-23 23:32:11,11,골다공증,1,0,0,0,0,0,75372,진행 중,2024-07-25,2024-08-11
118,2024-11-12 23:32:11,43,치매,1,0,0,0,0,0,106746,매칭,2024-12-09,2025-03-03
119,2024-11-15 23:32:11,88,심장질환,1,0,0,0,0,0,69710,매칭,2024-12-09,2025-01-20
120,2025-05-21 23:32:11,66,관절염,1,0,0,0,1,0,118323,등록,2025-06-14,2025-07-11
121,2025-03-08 23:32:11,34,골다공증,1,0,0,0,1,1,70058,등록,2025-03-25,2025-04-12
122,2025-03-21 23:32:11,45,당뇨병,0,0,0,1,1,1,148134,매칭,2025-04-01,2025-05-12
123,2025-01-03 23:32:11,5,뇌졸중,0,0,0,0,1,0,99812,매칭,2025-01-29,2025-02-17
124,2024-12-28 23:32:11,60,폐질환,1,1,0,0,0,0,70700,등록,2025-01-13,2025-02-01
125,2024-08-25 23:32:11,46,암,1,0,0,1,1,0,112433,삭제,2024-09-18,2024-09-22
126,2024-09-28 23:32:11,67,골다공증,0,0,0,1,0,0,87544,등록,2024-10-23,2024-12-22
127,2024-08-23 23:32:11,54,고혈압,1,0,0,0,0,0,140453,삭제,2024-09-20,2024-12-05
128,2024-11-18 23:32:11,38,골다공증,1,0,0,0,1,0,66589,등록,2024-12-04,2025-01-20
129,2025-06-06 23:32:11,100,관절염,1,0,0,0,0,0,97135,등록,2025-07-06,2025-07-15
130,2025-02-26 23:32:11,81,암,0,0,1,0,0,0,52800,매칭,2025-03-23,2025-05-13
131,2025-04-25 23:32:11,36,골다공증,0,0,0,0,1,0,63689,삭제,2025-05-25,2025-07-21
132,2024-11-06 23:32:11,81,골다공증,0,0,0,1,1,0,75675,매칭,2024-11-19,2025-01-13
133,2025-05-11 23:32:11,64,뇌졸중,0,0,0,0,0,0,84675,등록,2025-05-25,2025-07-22
134,2024-10-18 23:32:11,33,치매,0,0,0,1,0,1,60578,지원,2024-10-23,2024-11-19
135,2025-07-02 23:32:11,80,파킨슨병,1,0,0,1,0,0,141649,진행 중,2025-07-21,2025-09-16
136,2025-07-08 23:32:11,72,관절염,1,1,1,0,0,0,50112,등록,2025-07-29,2025-10-12
137,2024-10-05 23:32:11,5,신장질환,0,0,0,0,0,0,145549,등록,2024-10-14,2024-11-02
138,2024-12-30 23:32:11,86,척추질환,0,0,1,0,0,0,125277,삭제,2025-01-21,2025-02-10
139,2024-10-08 23:32:11,29,치매,1,1,0,0,1,0,145556,진행 중,2024-10-17,2024-12-25
140,2024-12-08 23:32:11,82,뇌졸중,0,0,0,0,0,0,126361,매칭,2025-01-03,2025-02-15
141,2024-09-23 23:32:11,55,척추질환,0,1,0,0,0,0,76990,매칭,2024-10-14,2024-11-17
142,2024-08-26 23:32:11,22,심장질환,0,0,0,0,0,0,101707,등록,2024-08-30,2024-11-03
143,2025-02-11 23:32:11,83,골다공증,0,1,0,1,0,0,134381,매칭,2025-03-11,2025-05-15
144,2025-05-08 23:32:11,45,폐질환,0,0,1,0,1,0,74351,등록,2025-05-14,2025-05-31
145,2024-10-05 23:32:11,74,심장질환,0,1,0,1,1,0,52426,삭제,2024-10-31,2024-11-19
146,2024-10-15 23:32:11,92,척추질환,0,0,0,0,0,0,112943,진행 중,2024-10-16,2024-12-24
147,2024-09-28 23:32:11,43,관절염,0,0,0,0,0,0,141785,진행 중,2024-10-17,2024-11-22
148,2024-08-30 23:32:11,59,관절염,0,0,0,0,0,0,132409,지원,2024-09-28,2024-10-04
149,2024-09-23 23:32:11,89,뇌졸중,1,1,0,0,1,0,70025,등록,2024-10-21,2024-11-30
150,2025-03-23 23:32:11,36,신장질환,0,0,0,0,1,0,129052,지원,2025-03-30,2025-05-30
151,2025-04-18 23:32:11,54,당뇨병,0,0,0,0,0,1,63652,등록,2025-04-23,2025-07-06
152,2025-06-24 23:32:11,92,치매,1,1,0,0,0,0,127243,지원,2025-07-04,2025-07-27
153,2024-10-11 23:32:11,25,암,1,0,0,1,1,0,116736,매칭,2024-10-18,2025-01-06
154,2024-12-14 23:32:11,97,골다공증,0,1,0,0,1,0,140063,삭제,2025-01-08,2025-04-04
155,2024-10-03 23:32:11,73,고혈압,0,0,0,0,0,0,136465,매칭,2024-10-15,2024-11-02
156,2025-02-15 23:32:11,94,심장질환,0,0,0,1,0,0,140226,등록,2025-02-24,2025-03-24
157,2024-12-21 23:32:11,11,폐질환,0,0,0,0,1,0,58328,지원,2025-01-20,2025-02-08
158,2024-08-19 23:32:11,67,관절염,1,0,0,0,1,0,62207,진행 중,2024-09-04,2024-10-23
159,2024-09-01 23:32:11,64,폐질환,0,0,0,0,1,0,149120,진행 중,2024-09-02,2024-11-03
160,2025-01-25 23:32:11,17,골다공증,0,0,0,0,1,0,92056,매칭,2025-01-26,2025-04-22
161,2024-07-16 23:32:11,80,파킨슨병,0,0,0,1,0,0,54234,등록,2024-08-15,2024-10-11
162,2025-05-28 23:32:11,18,치매,0,1,0,0,1,0,61064,진행 중,2025-06-15,2025-08-20
163,2025-05-31 23:32:11,77,심장질환,0,1,0,0,0,0,72335,매칭,2025-06-23,2025-08-24
164,2025-05-16 23:32:11,4,당뇨병,0,0,1,0,1,0,98008,등록,2025-06-13,2025-08-13
165,2025-05-28 23:32:11,79,골다공증,0,0,0,0,0,0,127299,등록,2025-06-02,2025-08-24
166,2025-06-01 23:32:11,64,척추질환,0,0,0,0,1,0,126674,지원,2025-06-27,2025-08-02
167,2025-05-14 23:32:11,86,암,0,0,0,0,0,0,90172,등록,2025-06-13,2025-08-28
168,2024-09-18 23:32:11,10,척추질환,0,0,0,0,1,0,81455,지원,2024-10-18,2024-11-25
169,2025-01-30 23:32:11,67,파킨슨병,0,0,0,0,0,0,77526,등록,2025-02-06,2025-03-31
170,2024-12-20 23:32:11,79,당뇨병,0,1,0,0,1,0,79063,등록,2025-01-11,2025-03-22
171,2025-04-10 23:32:11,21,파킨슨병,1,0,0,0,0,0,94535,지원,2025-05-09,2025-07-19
172,2024-11-27 23:32:11,77,치매,1,0,0,0,0,1,91258,진행 중,2024-12-24,2025-02-23
173,2024-07-15 23:32:11,74,척추질환,0,0,0,0,0,0,120130,지원,2024-08-14,2024-10-01
174,2025-04-20 23:32:11,35,심장질환,0,1,0,0,0,0,73993,매칭,2025-05-06,2025-07-14
175,2025-03-12 23:32:11,85,암,0,0,0,0,0,0,106984,등록,2025-03-31,2025-06-26
176,2025-02-26 23:32:11,24,치매,0,0,0,1,1,0,55232,지원,2025-03-04,2025-03-29
177,2024-12-24 23:32:11,14,척추질환,1,0,0,0,1,0,86182,매칭,2025-01-18,2025-03-13
178,2024-08-10 23:32:11,74,뇌졸중,0,0,0,0,0,0,109821,등록,2024-08-30,2024-10-19
179,2025-05-17 23:32:11,33,척추질환,0,0,0,1,0,1,69404,매칭,2025-06-03,2025-08-08
180,2025-06-19 23:32:11,36,척추질환,0,0,0,0,0,0,71119,매칭,2025-07-12,2025-07-28
181,2024-08-31 23:32:11,46,척추질환,0,1,0,0,1,0,79768,진행 중,2024-09-20,2024-10-27
182,2024-11-18 23:32:11,81,폐질환,0,1,0,0,0,0,128768,매칭,2024-11-28,2024-12-27
183,2025-07-04 23:32:11,19,치매,0,0,0,0,0,0,95619,지원,2025-07-24,2025-07-27
184,2025-03-11 23:32:11,37,골다공증,1,0,0,0,0,0,149165,등록,2025-03-21,2025-04-29
185,2025-05-27 23:32:11,28,당뇨병,0,0,0,1,0,0,68814,진행 중,2025-06-20,2025-09-15
186,2025-03-07 23:32:11,22,폐질환,1,0,0,0,1,0,109287,매칭,2025-03-23,2025-05-22
187,2024-08-06 23:32:11,62,뇌졸중,0,1,0,0,0,0,142949,삭제,2024-08-22,2024-09-09
188,2025-03-31 23:32:11,76,폐질환,1,1,0,0,0,0,64031,매칭,2025-04-12,2025-05-26
189,2024-12-16 23:32:11,38,신장질환,0,1,0,0,0,0,85303,등록,2025-01-02,2025-01-08
190,2025-04-29 23:32:11,83,골다공증,0,1,0,1,1,0,130357,등록,2025-05-23,2025-07-15
191,2025-03-06 23:32:11,94,심장질환,1,0,1,1,0,0,75805,등록,2025-03-16,2025-03-19
192,2025-04-30 23:32:11,59,뇌졸중,1,0,0,1,0,0,126537,매칭,2025-05-22,2025-05-26
193,2025-05-31 23:32:11,13,암,1,0,0,0,0,0,66279,지원,2025-06-18,2025-07-11
194,2024-08-21 23:32:11,46,관절염,1,0,0,0,1,0,132806,지원,2024-09-08,2024-09-25
195,2024-07-21 23:32:11,30,치매,0,1,0,0,0,0,143095,등록,2024-08-05,2024-10-17
196,2024-12-25 23:32:11,52,신장질환,0,0,0,0,0,0,69456,삭제,2025-01-05,2025-03-26
197,2024-09-30 23:32:11,9,신장질환,1,0,0,0,0,0,102265,지원,2024-10-11,2024-11-23
198,2024-10-15 23:32:11,95,뇌졸중,0,0,0,1,0,0,140020,삭제,2024-11-03,2024-12-27
199,2024-11-24 23:32:11,72,뇌졸중,0,0,0,1,0,1,60234,매칭,2024-12-13,2025-02-07
200,2025-06-07 23:32:11,28,폐질환,0,0,0,1,0,0,106889,삭제,2025-06-16,2025-08-15
