job_id,user_id,category,area,rooms,bathrooms,housing_type,price,post_date,city,district,address,latitude,longitude
1,99,빌라,31.2,2,2,본인 소유,77642,2025-05-08,서울특별시,동작구,서울특별시 동작구,37.521369,126.944572
2,224,빌라,41.5,2,1,임대,33752,2025-01-22,서울특별시,강서구,서울특별시 강서구,37.549204,126.839949
3,235,빌라,92.0,2,3,임대,198456,2025-06-15,서울특별시,강남구,서울특별시 강남구,37.564934,126.970646
4,34,빌라,86.4,5,2,본인 소유,202468,2025-01-27,서울특별시,용산구,서울특별시 용산구,37.539484,126.968428
5,57,빌라,40.1,5,1,임대,234137,2025-06-22,서울특별시,성동구,서울특별시 성동구,37.54593,127.045544
6,146,빌라,61.5,2,2,임대,202192,2025-02-20,서울특별시,성동구,서울특별시 성동구,37.548975,127.038563
7,182,빌라,51.1,3,1,임대,21046,2025-02-23,서울특별시,송파구,서울특별시 송파구,37.516563,127.100807
8,99,빌라,30.8,1,2,본인 소유,215550,2025-05-28,서울특별시,강서구,서울특별시 강서구,37.548633,126.858582
9,212,빌라,59.7,5,3,본인 소유,188376,2025-06-03,서울특별시,관악구,서울특별시 관악구,37.480302,126.942629
10,195,빌라,78.3,1,1,임대,93559,2025-02-11,서울특별시,은평구,서울특별시 은평구,37.594832,126.920603
11,25,빌라,84.0,4,3,본인 소유,30581,2025-04-08,서울특별시,마포구,서울특별시 마포구,37.546828,126.914582
12,12,빌라,93.4,5,1,본인 소유,46408,2025-02-24,서울특별시,구로구,서울특별시 구로구,37.492619,126.879232
13,242,빌라,89.8,5,1,임대,77957,2025-01-25,서울특별시,성북구,서울특별시 성북구,37.583103,127.017538
14,211,빌라,99.0,5,2,임대,47641,2025-01-16,서울특별시,서초구,서울특별시 서초구,37.483488,127.026824
15,200,빌라,57.9,5,3,임대,214615,2025-02-28,서울특별시,강남구,서울특별시 강남구,37.576487,126.979116
16,217,빌라,24.4,3,2,임대,259321,2025-04-13,서울특별시,마포구,서울특별시 마포구,37.557807,126.913101
17,17,빌라,64.9,5,2,임대,144055,2025-04-18,서울특별시,광진구,서울특별시 광진구,37.541403,127.079494
18,40,빌라,83.3,1,1,본인 소유,123824,2025-01-16,서울특별시,성동구,서울특별시 성동구,37.546906,127.04169
19,240,빌라,22.0,2,2,본인 소유,216604,2025-05-21,서울특별시,강북구,서울특별시 강북구,37.641917,127.020359
20,19,빌라,99.8,4,1,본인 소유,192256,2025-03-03,서울특별시,금천구,서울특별시 금천구,37.465681,126.901576
21,239,빌라,98.7,2,2,임대,296718,2025-04-13,서울특별시,강남구,서울특별시 강남구,37.56905,126.985474
22,86,빌라,28.8,2,2,본인 소유,198847,2025-06-30,서울특별시,은평구,서울특별시 은평구,37.607452,126.923876
23,241,빌라,51.3,4,3,본인 소유,77364,2025-03-02,서울특별시,광진구,서울특별시 광진구,37.529302,127.074389
24,232,빌라,90.3,3,2,임대,221169,2025-06-02,서울특별시,동작구,서울특별시 동작구,37.504188,126.937652
25,201,빌라,95.4,5,3,임대,71665,2025-02-26,서울특별시,은평구,서울특별시 은평구,37.612523,126.923733
26,222,빌라,86.1,5,1,본인 소유,76262,2025-06-26,서울특별시,성북구,서울특별시 성북구,37.580135,127.025845
27,9,빌라,33.9,2,3,본인 소유,169903,2025-01-13,서울특별시,성동구,서울특별시 성동구,37.559155,127.050798
28,122,빌라,91.6,5,2,임대,93560,2025-03-08,서울특별시,노원구,서울특별시 노원구,37.659157,127.047497
29,125,빌라,96.5,4,2,임대,91121,2025-05-04,서울특별시,구로구,서울특별시 구로구,37.48799,126.895175
30,210,빌라,23.9,2,2,임대,144092,2025-01-28,서울특별시,용산구,서울특별시 용산구,37.528502,126.969314
31,199,빌라,90.6,5,3,본인 소유,138322,2025-02-25,서울특별시,강남구,서울특별시 강남구,37.57633,126.96923
32,41,빌라,41.4,3,1,임대,115228,2025-04-17,서울특별시,영등포구,서울특별시 영등포구,37.52996,126.897515
33,46,빌라,69.5,4,3,임대,58874,2025-02-14,서울특별시,성북구,서울특별시 성북구,37.593349,127.020303
34,60,빌라,20.4,3,1,본인 소유,52534,2025-06-08,서울특별시,종로구,서울특별시 종로구,37.572809,126.986481
35,84,빌라,60.6,2,1,본인 소유,85418,2025-04-23,서울특별시,용산구,서울특별시 용산구,37.544759,126.972043
36,239,빌라,70.7,5,3,본인 소유,212053,2025-06-07,서울특별시,송파구,서울특별시 송파구,37.517136,127.101096
37,202,빌라,47.3,4,3,본인 소유,167732,2025-01-22,서울특별시,광진구,서울특별시 광진구,37.539225,127.09146
38,198,빌라,95.8,1,2,임대,83609,2025-04-28,서울특별시,종로구,서울특별시 종로구,37.566975,126.984317
39,195,빌라,88.2,5,3,임대,162499,2025-05-05,서울특별시,강서구,서울특별시 강서구,37.541858,126.840994
40,207,빌라,45.9,3,3,본인 소유,237286,2025-01-26,서울특별시,마포구,서울특별시 마포구,37.542392,126.898642
41,232,빌라,54.1,5,1,임대,209950,2025-04-29,서울특별시,동대문구,서울특별시 동대문구,37.569873,127.049442
42,30,빌라,26.6,4,2,임대,294186,2025-03-22,서울특별시,강서구,서울특별시 강서구,37.554574,126.843915
43,128,빌라,95.5,5,3,본인 소유,58901,2025-05-27,서울특별시,중랑구,서울특별시 중랑구,37.599421,127.091247
44,187,빌라,45.7,2,1,임대,36431,2025-01-25,서울특별시,중랑구,서울특별시 중랑구,37.605246,127.088839
45,25,빌라,57.9,4,2,임대,215390,2025-01-27,서울특별시,금천구,서울특별시 금천구,37.454271,126.902887
46,176,빌라,83.7,4,1,본인 소유,156323,2025-02-15,서울특별시,용산구,서울특별시 용산구,37.539007,126.955757
47,15,빌라,30.0,4,1,본인 소유,84744,2025-03-04,서울특별시,서초구,서울특별시 서초구,37.48333,127.024746
48,220,빌라,83.8,3,1,임대,112471,2025-01-21,서울특별시,노원구,서울특별시 노원구,37.655839,127.05218
49,19,빌라,98.0,3,1,임대,74288,2025-04-12,서울특별시,은평구,서울특별시 은평구,37.606309,126.927011
50,171,빌라,28.4,1,1,본인 소유,179631,2025-03-21,서울특별시,강서구,서울특별시 강서구,37.541492,126.84911
51,55,빌라,64.8,2,1,본인 소유,278512,2025-02-02,서울특별시,동대문구,서울특별시 동대문구,37.576763,127.043549
52,240,빌라,26.3,2,2,임대,239465,2025-06-23,서울특별시,마포구,서울특별시 마포구,37.548913,126.898864
53,124,빌라,33.4,1,3,임대,245458,2025-05-03,서울특별시,은평구,서울특별시 은평구,37.608712,126.923103
54,136,빌라,69.0,1,2,본인 소유,269931,2025-03-03,서울특별시,중구,서울특별시 중구,37.565896,127.000232
55,86,빌라,26.4,4,2,본인 소유,91941,2025-06-03,서울특별시,동작구,서울특별시 동작구,37.509189,126.945597
56,129,빌라,78.5,3,2,본인 소유,82715,2025-03-28,서울특별시,금천구,서울특별시 금천구,37.459772,126.896128
57,12,빌라,37.5,4,1,본인 소유,38380,2025-04-29,서울특별시,중랑구,서울특별시 중랑구,37.599591,127.100036
58,54,빌라,64.4,2,3,본인 소유,178484,2025-04-06,서울특별시,구로구,서울특별시 구로구,37.498574,126.887364
59,58,빌라,36.0,3,1,임대,288453,2025-04-07,서울특별시,광진구,서울특별시 광진구,37.547896,127.085207
60,137,빌라,78.2,5,1,본인 소유,298107,2025-05-06,서울특별시,마포구,서울특별시 마포구,37.551152,126.915565
61,21,빌라,61.1,1,2,임대,41585,2025-03-07,서울특별시,서초구,서울특별시 서초구,37.483797,127.033266
62,81,빌라,42.1,3,2,본인 소유,96652,2025-01-12,서울특별시,관악구,서울특별시 관악구,37.486414,126.950034
63,133,빌라,78.6,3,2,본인 소유,167795,2025-03-28,서울특별시,성동구,서울특별시 성동구,37.553059,127.043531
64,43,빌라,34.5,5,2,임대,145720,2025-03-03,서울특별시,중구,서울특별시 중구,37.558751,127.007328
65,63,빌라,66.4,4,2,임대,111520,2025-05-03,서울특별시,마포구,서울특별시 마포구,37.55,126.910058
66,93,빌라,72.5,1,1,임대,242750,2025-01-31,서울특별시,성동구,서울특별시 성동구,37.559988,127.036063
67,145,빌라,46.5,5,2,본인 소유,121453,2025-04-15,서울특별시,강서구,서울특별시 강서구,37.558374,126.84834
68,1,빌라,95.9,1,2,본인 소유,226184,2025-04-17,서울특별시,동대문구,서울특별시 동대문구,37.573389,127.041258
69,171,빌라,82.5,4,3,임대,159381,2025-04-18,서울특별시,용산구,서울특별시 용산구,37.535535,126.96607
70,197,빌라,29.8,5,2,임대,180102,2025-02-04,서울특별시,노원구,서울특별시 노원구,37.644884,127.066534
71,207,빌라,28.3,3,2,본인 소유,129273,2025-01-20,서울특별시,동작구,서울특별시 동작구,37.506,126.931071
72,189,빌라,21.4,1,2,임대,156470,2025-06-20,서울특별시,중랑구,서울특별시 중랑구,37.605998,127.096319
73,185,빌라,30.1,5,2,본인 소유,131863,2025-03-26,서울특별시,영등포구,서울특별시 영등포구,37.523253,126.896845
74,134,빌라,38.8,2,1,임대,156649,2025-06-20,서울특별시,중랑구,서울특별시 중랑구,37.611017,127.085723
75,213,빌라,86.5,1,3,본인 소유,111376,2025-05-27,서울특별시,중랑구,서울특별시 중랑구,37.59675,127.087483
76,32,빌라,72.1,2,2,본인 소유,113409,2025-03-04,서울특별시,광진구,서울특별시 광진구,37.541578,127.080077
77,78,빌라,80.2,5,1,임대,207096,2025-03-09,서울특별시,관악구,서울특별시 관악구,37.485729,126.961467
78,104,빌라,73.4,2,2,임대,255014,2025-03-24,서울특별시,용산구,서울특별시 용산구,37.536483,126.961941
79,115,빌라,63.6,1,1,임대,37723,2025-05-23,서울특별시,관악구,서울특별시 관악구,37.484757,126.944004
80,157,빌라,67.7,1,3,본인 소유,89973,2025-01-11,서울특별시,동작구,서울특별시 동작구,37.510008,126.94027
81,105,빌라,80.7,1,3,임대,235049,2025-03-13,서울특별시,마포구,서울특별시 마포구,37.545269,126.911052
82,51,빌라,85.1,1,1,본인 소유,63551,2025-02-06,서울특별시,금천구,서울특별시 금천구,37.463843,126.903885
83,220,빌라,81.2,2,3,임대,199420,2025-01-21,서울특별시,동작구,서울특별시 동작구,37.513072,126.941458
84,159,빌라,25.7,1,3,임대,55379,2025-01-21,서울특별시,영등포구,서울특별시 영등포구,37.525017,126.904134
85,149,빌라,58.9,5,2,임대,183724,2025-06-05,서울특별시,은평구,서울특별시 은평구,37.599732,126.921128
86,37,빌라,77.4,2,1,임대,241513,2025-03-30,서울특별시,성동구,서울특별시 성동구,37.552219,127.032693
87,100,빌라,34.5,5,3,임대,290887,2025-06-19,서울특별시,영등포구,서울특별시 영등포구,37.520023,126.899822
88,199,빌라,58.7,1,1,본인 소유,98204,2025-04-29,서울특별시,노원구,서울특별시 노원구,37.649331,127.066059
89,158,빌라,38.2,1,3,본인 소유,86153,2025-05-01,서울특별시,동대문구,서울특별시 동대문구,37.580784,127.047184
90,132,빌라,64.5,3,1,본인 소유,120641,2025-06-01,서울특별시,용산구,서울특별시 용산구,37.546518,126.970799
91,20,빌라,84.8,3,2,임대,270337,2025-03-10,서울특별시,동작구,서울특별시 동작구,37.519423,126.942728
92,184,빌라,57.8,5,1,본인 소유,78388,2025-05-23,서울특별시,은평구,서울특별시 은평구,37.597405,126.936485
93,172,빌라,38.6,5,1,임대,279565,2025-06-02,서울특별시,성동구,서울특별시 성동구,37.552742,127.041834
94,2,빌라,74.1,2,2,임대,136888,2025-01-24,서울특별시,관악구,서울특별시 관악구,37.473891,126.953541
95,198,빌라,47.0,5,2,본인 소유,122356,2025-04-07,서울특별시,종로구,서울특별시 종로구,37.579874,126.980964
96,173,빌라,38.1,1,3,본인 소유,126492,2025-02-18,서울특별시,서초구,서울특별시 서초구,37.477537,127.028867
97,65,빌라,38.7,5,2,본인 소유,84069,2025-03-11,서울특별시,성동구,서울특별시 성동구,37.541952,127.046907
98,138,빌라,64.6,2,3,본인 소유,141733,2025-02-13,서울특별시,서초구,서울특별시 서초구,37.493583,127.035637
99,197,빌라,75.2,1,3,본인 소유,242041,2025-06-07,서울특별시,종로구,서울특별시 종로구,37.582653,126.972406
100,128,빌라,44.1,4,3,본인 소유,108540,2025-01-23,서울특별시,동대문구,서울특별시 동대문구,37.580836,127.029525
101,98,빌라,79.0,4,1,임대,223277,2025-05-29,서울특별시,용산구,서울특별시 용산구,37.547883,126.955801
102,89,빌라,80.4,1,1,본인 소유,20699,2025-02-07,서울특별시,마포구,서울특별시 마포구,37.554372,126.899982
103,241,빌라,38.2,5,2,임대,45585,2025-03-16,서울특별시,광진구,서울특별시 광진구,37.529662,127.074553
104,72,빌라,68.0,3,2,임대,20382,2025-03-27,서울특별시,구로구,서울특별시 구로구,37.49334,126.886344
105,65,빌라,94.4,2,2,본인 소유,97468,2025-02-04,서울특별시,종로구,서울특별시 종로구,37.580528,126.97307
106,166,빌라,84.5,4,2,임대,88222,2025-05-29,서울특별시,광진구,서울특별시 광진구,37.545959,127.089561
107,174,빌라,47.7,4,2,본인 소유,39984,2025-06-13,서울특별시,동작구,서울특별시 동작구,37.50587,126.943199
108,101,빌라,81.2,5,3,임대,33429,2025-01-25,서울특별시,도봉구,서울특별시 도봉구,37.668541,127.049225
109,149,빌라,22.1,1,3,본인 소유,50108,2025-01-12,서울특별시,동대문구,서울특별시 동대문구,37.571751,127.030863
110,34,빌라,94.9,4,2,임대,45262,2025-05-14,서울특별시,동작구,서울특별시 동작구,37.504841,126.941186
111,170,빌라,72.0,3,3,임대,52913,2025-01-10,서울특별시,노원구,서울특별시 노원구,37.648521,127.059192
112,95,빌라,24.6,1,3,임대,54936,2025-04-09,서울특별시,송파구,서울특별시 송파구,37.505663,127.115797
113,158,빌라,28.1,4,1,본인 소유,56851,2025-04-13,서울특별시,용산구,서울특별시 용산구,37.530828,126.961466
114,42,빌라,44.5,4,2,임대,42371,2025-03-03,서울특별시,송파구,서울특별시 송파구,37.520779,127.108204
115,7,빌라,34.2,5,2,임대,203021,2025-05-10,서울특별시,성동구,서울특별시 성동구,37.55111,127.040533
116,67,빌라,40.8,2,3,본인 소유,146614,2025-05-13,서울특별시,은평구,서울특별시 은평구,37.602327,126.919484
117,70,빌라,70.3,5,2,임대,141743,2025-06-13,서울특별시,은평구,서울특별시 은평구,37.59917,126.935786
118,227,빌라,56.4,4,3,임대,20749,2025-02-03,서울특별시,용산구,서울특별시 용산구,37.530595,126.966359
119,55,빌라,84.9,5,1,본인 소유,266553,2025-01-21,서울특별시,구로구,서울특별시 구로구,37.49027,126.890434
120,45,빌라,83.0,1,1,임대,205713,2025-03-01,서울특별시,성북구,서울특별시 성북구,37.597242,127.025807
121,51,빌라,23.1,4,1,본인 소유,234033,2025-01-08,서울특별시,구로구,서울특별시 구로구,37.490493,126.894217
122,202,빌라,91.2,5,3,임대,40111,2025-06-21,서울특별시,동대문구,서울특별시 동대문구,37.573402,127.034039
123,208,빌라,23.0,3,1,임대,38082,2025-06-01,서울특별시,중랑구,서울특별시 중랑구,37.605265,127.083557
124,161,빌라,51.0,4,3,본인 소유,244706,2025-05-15,서울특별시,성동구,서울특별시 성동구,37.541311,127.041072
125,29,빌라,64.0,2,2,임대,88815,2025-04-22,서울특별시,송파구,서울특별시 송파구,37.511597,127.104143
126,240,빌라,38.2,1,2,임대,232146,2025-02-18,서울특별시,강북구,서울특별시 강북구,37.647578,127.03135
127,39,빌라,71.5,2,3,본인 소유,279054,2025-04-24,서울특별시,도봉구,서울특별시 도봉구,37.6711,127.052593
128,10,빌라,98.4,5,1,본인 소유,122990,2025-05-24,서울특별시,마포구,서울특별시 마포구,37.557874,126.904056
129,35,빌라,23.5,1,2,임대,186072,2025-06-02,서울특별시,서초구,서울특별시 서초구,37.48603,127.025533
130,65,빌라,33.1,4,2,본인 소유,187876,2025-06-21,서울특별시,강서구,서울특별시 강서구,37.551702,126.847273
131,35,빌라,99.4,2,2,임대,47643,2025-06-24,서울특별시,송파구,서울특별시 송파구,37.514421,127.096154
132,19,빌라,98.3,4,3,본인 소유,68005,2025-03-30,서울특별시,동작구,서울특별시 동작구,37.515121,126.933721
133,23,빌라,28.6,5,3,본인 소유,165930,2025-02-19,서울특별시,영등포구,서울특별시 영등포구,37.527191,126.900759
134,102,빌라,47.4,3,1,임대,76912,2025-01-03,서울특별시,관악구,서울특별시 관악구,37.478168,126.944614
135,207,빌라,27.5,4,3,임대,66447,2025-04-21,서울특별시,성북구,서울특별시 성북구,37.581519,127.009731
136,145,빌라,39.7,5,3,임대,254839,2025-03-05,서울특별시,금천구,서울특별시 금천구,37.456131,126.885787
137,113,빌라,79.4,3,3,본인 소유,172728,2025-04-22,서울특별시,마포구,서울특별시 마포구,37.555051,126.904419
138,13,빌라,87.8,2,2,본인 소유,36832,2025-01-14,서울특별시,동대문구,서울특별시 동대문구,37.575174,127.039983
139,129,빌라,46.2,3,3,임대,284231,2025-04-11,서울특별시,동대문구,서울특별시 동대문구,37.583561,127.036859
140,202,빌라,77.8,3,2,임대,113892,2025-02-23,서울특별시,금천구,서울특별시 금천구,37.454266,126.894572
141,110,빌라,48.4,1,1,본인 소유,299910,2025-03-12,서울특별시,노원구,서울특별시 노원구,37.644264,127.059192
142,4,빌라,28.3,2,3,본인 소유,119079,2025-06-11,서울특별시,강북구,서울특별시 강북구,37.639802,127.030168
143,172,빌라,86.0,1,3,본인 소유,52092,2025-03-17,서울특별시,용산구,서울특별시 용산구,37.5445,126.960796
144,33,빌라,86.0,3,1,본인 소유,277613,2025-04-23,서울특별시,은평구,서울특별시 은평구,37.612339,126.923297
145,200,빌라,25.0,4,3,임대,252634,2025-02-26,서울특별시,강남구,서울특별시 강남구,37.561217,126.975428
146,128,빌라,70.9,3,3,본인 소유,171326,2025-03-19,서울특별시,관악구,서울특별시 관악구,37.481251,126.950025
147,134,빌라,67.0,1,1,본인 소유,175937,2025-01-03,서울특별시,강서구,서울특별시 강서구,37.548377,126.850937
148,228,빌라,66.9,1,3,임대,33284,2025-05-27,서울특별시,관악구,서울특별시 관악구,37.482405,126.953316
149,186,빌라,50.2,5,1,임대,254809,2025-01-05,서울특별시,은평구,서울특별시 은평구,37.609755,126.923611
150,108,빌라,78.2,2,3,임대,274983,2025-02-26,서울특별시,용산구,서울특별시 용산구,37.53107,126.957012
151,108,빌라,68.8,4,1,임대,77155,2025-06-01,서울특별시,동작구,서울특별시 동작구,37.51771,126.932478
152,240,빌라,24.6,4,3,임대,29675,2025-01-14,서울특별시,종로구,서울특별시 종로구,37.582632,126.970279
153,130,빌라,54.3,1,1,본인 소유,261435,2025-03-14,서울특별시,강서구,서울특별시 강서구,37.560197,126.846924
154,50,빌라,69.6,3,1,임대,27073,2025-06-10,서울특별시,중구,서울특별시 중구,37.571062,126.98883
155,242,빌라,21.7,3,3,본인 소유,245718,2025-05-29,서울특별시,성북구,서울특별시 성북구,37.586347,127.024697
156,186,빌라,70.0,5,2,임대,269153,2025-03-10,서울특별시,영등포구,서울특별시 영등포구,37.532957,126.901954
157,142,빌라,47.1,3,1,임대,39055,2025-05-20,서울특별시,노원구,서울특별시 노원구,37.658703,127.050624
158,209,빌라,38.0,2,1,임대,174437,2025-02-02,서울특별시,강남구,서울특별시 강남구,37.558782,126.971025
159,88,빌라,52.3,3,1,임대,55232,2025-01-17,서울특별시,용산구,서울특별시 용산구,37.54801,126.959948
160,106,빌라,58.8,5,1,본인 소유,24357,2025-04-22,서울특별시,강북구,서울특별시 강북구,37.631235,127.024866
161,64,빌라,52.9,5,3,본인 소유,268635,2025-03-29,서울특별시,영등포구,서울특별시 영등포구,37.52978,126.895446
162,185,빌라,98.2,3,3,임대,249647,2025-05-15,서울특별시,강북구,서울특별시 강북구,37.631839,127.022819
163,22,빌라,80.5,5,3,본인 소유,10781,2025-06-04,서울특별시,강서구,서울특별시 강서구,37.543994,126.846104
164,136,빌라,81.8,2,1,본인 소유,285709,2025-05-11,서울특별시,동작구,서울특별시 동작구,37.511425,126.949
165,224,빌라,83.9,4,3,임대,192650,2025-06-27,서울특별시,중구,서울특별시 중구,37.559649,126.995715
166,189,빌라,36.3,2,1,본인 소유,271716,2025-03-13,서울특별시,동작구,서울특별시 동작구,37.517912,126.94859
167,61,빌라,91.8,2,2,본인 소유,218139,2025-05-10,서울특별시,강북구,서울특별시 강북구,37.642453,127.019617
168,7,빌라,91.8,3,2,임대,260870,2025-01-08,서울특별시,금천구,서울특별시 금천구,37.459169,126.892862
169,111,빌라,45.1,3,1,본인 소유,64400,2025-03-04,서울특별시,광진구,서울특별시 광진구,37.543053,127.088608
170,120,빌라,70.8,4,2,본인 소유,36170,2025-05-08,서울특별시,송파구,서울특별시 송파구,37.524182,127.109258
171,28,빌라,22.3,4,2,본인 소유,271501,2025-05-13,서울특별시,중랑구,서울특별시 중랑구,37.610137,127.084461
172,213,빌라,93.5,3,1,임대,228561,2025-06-24,서울특별시,영등포구,서울특별시 영등포구,37.523137,126.89213
173,119,빌라,59.5,3,2,본인 소유,130987,2025-06-10,서울특별시,은평구,서울특별시 은평구,37.601885,126.926256
174,239,빌라,79.2,2,2,임대,115400,2025-01-23,서울특별시,강북구,서울특별시 강북구,37.638002,127.033807
175,195,빌라,84.5,3,3,임대,199139,2025-05-05,서울특별시,강남구,서울특별시 강남구,37.568045,126.982761
176,16,빌라,20.3,1,1,본인 소유,177670,2025-03-28,서울특별시,금천구,서울특별시 금천구,37.449027,126.891898
177,142,빌라,61.0,5,3,임대,196339,2025-05-25,서울특별시,종로구,서울특별시 종로구,37.576358,126.982783
178,45,빌라,91.9,3,1,본인 소유,294890,2025-05-31,서울특별시,도봉구,서울특별시 도봉구,37.674948,127.038282
179,214,빌라,56.8,4,1,본인 소유,287181,2025-02-04,서울특별시,강남구,서울특별시 강남구,37.55872,126.976941
180,162,빌라,53.8,1,2,본인 소유,254325,2025-05-30,서울특별시,강서구,서울특별시 강서구,37.560236,126.841714
181,197,빌라,86.1,3,1,본인 소유,277219,2025-06-22,서울특별시,중랑구,서울특별시 중랑구,37.610554,127.102056
182,79,빌라,70.3,1,3,임대,66307,2025-05-22,서울특별시,중구,서울특별시 중구,37.566427,126.999084
183,133,빌라,27.7,1,1,본인 소유,74307,2025-03-30,서울특별시,성동구,서울특별시 성동구,37.554674,127.041714
184,157,빌라,44.0,1,3,본인 소유,191211,2025-01-08,서울특별시,서초구,서울특별시 서초구,37.485667,127.028345
185,2,빌라,91.4,5,2,임대,61631,2025-06-07,서울특별시,성동구,서울특별시 성동구,37.553956,127.042764
186,12,빌라,88.5,5,1,본인 소유,54900,2025-06-21,서울특별시,구로구,서울특별시 구로구,37.497056,126.897309
187,180,빌라,22.6,3,1,본인 소유,69871,2025-03-06,서울특별시,마포구,서울특별시 마포구,37.556651,126.908705
188,8,빌라,45.4,4,2,임대,298793,2025-02-21,서울특별시,마포구,서울특별시 마포구,37.552249,126.906809
189,102,빌라,55.6,1,1,임대,38803,2025-02-24,서울특별시,도봉구,서울특별시 도봉구,37.662212,127.056062
190,228,빌라,82.9,3,2,본인 소유,289713,2025-04-01,서울특별시,마포구,서울특별시 마포구,37.544534,126.902884
191,206,빌라,52.6,1,2,임대,145450,2025-05-16,서울특별시,은평구,서울특별시 은평구,37.612377,126.924479
192,240,빌라,46.5,1,3,본인 소유,83869,2025-02-04,서울특별시,송파구,서울특별시 송파구,37.510036,127.115331
193,198,빌라,61.3,1,2,임대,289687,2025-02-12,서울특별시,송파구,서울특별시 송파구,37.510114,127.10004
194,163,빌라,84.2,1,2,본인 소유,146554,2025-02-23,서울특별시,관악구,서울특별시 관악구,37.470561,126.948377
195,140,빌라,42.8,1,1,임대,32054,2025-05-21,서울특별시,도봉구,서울특별시 도봉구,37.664356,127.053434
196,223,빌라,30.5,5,1,본인 소유,18210,2025-03-17,서울특별시,은평구,서울특별시 은평구,37.606745,126.938956
197,80,빌라,68.6,1,1,본인 소유,240363,2025-01-08,서울특별시,영등포구,서울특별시 영등포구,37.534552,126.900481
198,172,빌라,40.6,1,3,본인 소유,295521,2025-05-26,서울특별시,용산구,서울특별시 용산구,37.541128,126.956423
199,226,빌라,73.0,5,3,임대,20651,2025-06-17,서울특별시,강북구,서울특별시 강북구,37.642906,127.031707
200,92,빌라,45.7,1,3,본인 소유,151130,2025-01-10,서울특별시,금천구,서울특별시 금천구,37.464906,126.893685
201,158,빌라,69.0,4,3,본인 소유,266453,2025-06-04,서울특별시,성북구,서울특별시 성북구,37.592122,127.024966
202,130,빌라,62.7,2,1,임대,169741,2025-01-12,서울특별시,광진구,서울특별시 광진구,37.546449,127.073529
203,184,빌라,51.9,5,1,본인 소유,218944,2025-05-07,서울특별시,은평구,서울특별시 은평구,37.601677,126.920788
204,174,빌라,87.6,3,2,본인 소유,241496,2025-06-30,서울특별시,광진구,서울특별시 광진구,37.542983,127.085246
205,135,빌라,50.7,3,3,임대,92279,2025-03-16,서울특별시,중구,서울특별시 중구,37.565806,126.992426
206,54,빌라,22.2,4,1,본인 소유,186806,2025-02-03,서울특별시,동대문구,서울특별시 동대문구,37.564646,127.036901
207,215,빌라,23.6,1,1,임대,185251,2025-01-19,서울특별시,관악구,서울특별시 관악구,37.471713,126.954515
208,178,빌라,20.5,3,2,임대,268864,2025-04-23,서울특별시,동작구,서울특별시 동작구,37.512745,126.936878
209,44,빌라,87.3,4,2,임대,158510,2025-05-12,서울특별시,중랑구,서울특별시 중랑구,37.613343,127.093222
210,126,빌라,22.2,3,3,임대,211260,2025-01-04,서울특별시,노원구,서울특별시 노원구,37.647011,127.056512
211,175,빌라,51.0,2,3,본인 소유,125598,2025-01-30,서울특별시,강북구,서울특별시 강북구,37.63038,127.016319
212,194,빌라,96.5,5,3,임대,164245,2025-01-18,서울특별시,노원구,서울특별시 노원구,37.662202,127.049123
213,235,빌라,96.9,4,1,임대,177647,2025-01-22,서울특별시,강서구,서울특별시 강서구,37.56038,126.845268
214,76,빌라,62.6,5,2,임대,146570,2025-03-28,서울특별시,성동구,서울특별시 성동구,37.560202,127.040458
215,212,빌라,76.7,2,1,임대,185021,2025-05-07,서울특별시,성동구,서울특별시 성동구,37.547724,127.047436
216,23,빌라,47.8,4,3,본인 소유,47772,2025-04-21,서울특별시,마포구,서울특별시 마포구,37.561228,126.909354
217,109,빌라,99.5,4,2,본인 소유,84965,2025-06-01,서울특별시,종로구,서울특별시 종로구,37.573278,126.976936
218,21,빌라,23.2,1,1,본인 소유,216846,2025-03-05,서울특별시,강남구,서울특별시 강남구,37.560526,126.975903
219,101,빌라,62.7,4,2,임대,54789,2025-05-19,서울특별시,구로구,서울특별시 구로구,37.503589,126.891843
220,5,빌라,90.2,4,2,임대,76418,2025-05-27,서울특별시,은평구,서울특별시 은평구,37.608584,126.924615
221,177,빌라,89.1,2,2,임대,274598,2025-05-23,서울특별시,성동구,서울특별시 성동구,37.56022,127.040568
222,179,빌라,66.2,3,1,본인 소유,210410,2025-03-23,서울특별시,구로구,서울특별시 구로구,37.495626,126.887247
223,102,빌라,65.9,5,3,본인 소유,135438,2025-03-14,서울특별시,성동구,서울특별시 성동구,37.55715,127.046191
224,81,빌라,87.8,3,3,본인 소유,293970,2025-03-10,서울특별시,강남구,서울특별시 강남구,37.573579,126.976783
225,13,빌라,78.7,2,2,임대,146917,2025-06-20,서울특별시,마포구,서울특별시 마포구,37.561331,126.902615
226,75,빌라,44.0,4,2,임대,91442,2025-01-30,서울특별시,동작구,서울특별시 동작구,37.516251,126.931989
227,65,빌라,36.1,2,1,본인 소유,283734,2025-01-30,서울특별시,서초구,서울특별시 서초구,37.489568,127.042211
228,152,빌라,70.6,5,1,본인 소유,18068,2025-05-08,서울특별시,성동구,서울특별시 성동구,37.541483,127.037736
229,236,빌라,69.1,1,2,본인 소유,272093,2025-05-08,서울특별시,마포구,서울특별시 마포구,37.557222,126.915118
230,4,빌라,47.9,3,2,본인 소유,71388,2025-06-22,서울특별시,서초구,서울특별시 서초구,37.481842,127.02372
231,39,빌라,89.5,2,1,임대,153521,2025-05-04,서울특별시,종로구,서울특별시 종로구,37.563622,126.970919
232,161,빌라,76.8,4,2,임대,271570,2025-05-16,서울특별시,마포구,서울특별시 마포구,37.551465,126.901104
233,241,빌라,21.8,5,3,임대,139936,2025-06-07,서울특별시,강북구,서울특별시 강북구,37.632647,127.021023
234,215,빌라,53.3,1,2,임대,288710,2025-01-23,서울특별시,성동구,서울특별시 성동구,37.541273,127.035193
235,37,빌라,70.0,4,2,본인 소유,172993,2025-06-05,서울특별시,용산구,서울특별시 용산구,37.537387,126.967117
236,124,빌라,64.2,4,1,임대,212193,2025-01-12,서울특별시,관악구,서울특별시 관악구,37.484851,126.957679
237,134,빌라,85.9,3,1,본인 소유,64238,2025-04-03,서울특별시,도봉구,서울특별시 도봉구,37.661972,127.05474
238,179,빌라,91.7,2,1,본인 소유,90811,2025-05-01,서울특별시,광진구,서울특별시 광진구,37.542701,127.08407
239,72,빌라,48.8,3,1,임대,146643,2025-04-10,서울특별시,은평구,서울특별시 은평구,37.599025,126.921138
240,91,빌라,92.8,4,3,임대,250016,2025-06-06,서울특별시,송파구,서울특별시 송파구,37.522337,127.104576
241,188,빌라,74.1,5,1,임대,25372,2025-04-11,서울특별시,구로구,서울특별시 구로구,37.504003,126.894285
242,188,빌라,74.1,1,2,임대,88356,2025-03-25,서울특별시,구로구,서울특별시 구로구,37.490969,126.879992
243,158,빌라,59.9,4,1,임대,259134,2025-05-26,서울특별시,도봉구,서울특별시 도봉구,37.678789,127.039196
244,118,빌라,53.3,5,3,본인 소유,30808,2025-06-15,서울특별시,성동구,서울특별시 성동구,37.541647,127.046251
245,61,빌라,74.2,5,1,본인 소유,28135,2025-01-08,서울특별시,도봉구,서울특별시 도봉구,37.676403,127.041415
246,7,빌라,98.0,4,1,본인 소유,72261,2025-03-06,서울특별시,성북구,서울특별시 성북구,37.581914,127.021442
247,112,빌라,73.3,1,2,본인 소유,72507,2025-02-16,서울특별시,광진구,서울특별시 광진구,37.530107,127.07306
248,60,빌라,92.9,2,2,임대,223666,2025-06-02,서울특별시,강서구,서울특별시 강서구,37.554461,126.844338
249,150,빌라,67.6,5,3,임대,142473,2025-03-31,서울특별시,강서구,서울특별시 강서구,37.548786,126.850119
250,73,빌라,81.8,4,2,본인 소유,276010,2025-06-30,서울특별시,관악구,서울특별시 관악구,37.474637,126.95708
251,204,빌라,29.6,5,1,임대,65350,2025-01-07,서울특별시,성북구,서울특별시 성북구,37.594803,127.022843
252,65,빌라,44.0,4,1,임대,74110,2025-02-20,서울특별시,중랑구,서울특별시 중랑구,37.603835,127.082627
253,241,빌라,68.5,5,2,임대,264595,2025-04-14,서울특별시,성북구,서울특별시 성북구,37.590339,127.023295
254,235,빌라,68.3,5,3,본인 소유,245990,2025-06-21,서울특별시,성북구,서울특별시 성북구,37.593603,127.025448
255,4,빌라,82.8,4,2,임대,71215,2025-01-28,서울특별시,노원구,서울특별시 노원구,37.663356,127.065654
256,24,빌라,35.7,2,1,본인 소유,123688,2025-05-18,서울특별시,서초구,서울특별시 서초구,37.481014,127.026908
257,51,빌라,62.2,4,3,임대,259243,2025-03-06,서울특별시,관악구,서울특별시 관악구,37.473925,126.961233
258,56,빌라,78.0,1,3,임대,260541,2025-01-26,서울특별시,동작구,서울특별시 동작구,37.521348,126.936047
259,131,빌라,55.8,1,2,본인 소유,94703,2025-03-02,서울특별시,동작구,서울특별시 동작구,37.502557,126.941918
260,141,빌라,42.0,2,2,본인 소유,53309,2025-05-21,서울특별시,강서구,서울특별시 강서구,37.554292,126.841025
261,3,빌라,36.7,3,1,임대,233564,2025-02-19,서울특별시,서초구,서울특별시 서초구,37.477015,127.031311
262,11,빌라,28.7,4,3,본인 소유,258503,2025-03-05,서울특별시,동대문구,서울특별시 동대문구,37.572237,127.042682
263,230,빌라,40.8,1,2,임대,133765,2025-06-03,서울특별시,종로구,서울특별시 종로구,37.583123,126.980291
264,156,빌라,92.6,2,1,임대,286266,2025-03-21,서울특별시,강서구,서울특별시 강서구,37.544502,126.855352
265,237,빌라,88.3,4,3,본인 소유,103783,2025-03-27,서울특별시,성동구,서울특별시 성동구,37.559941,127.038756
266,105,빌라,20.7,5,2,임대,165604,2025-06-19,서울특별시,광진구,서울특별시 광진구,37.538378,127.072442
267,121,빌라,27.6,5,3,임대,243820,2025-04-18,서울특별시,광진구,서울특별시 광진구,37.545361,127.086777
268,164,빌라,32.3,3,2,임대,208784,2025-06-09,서울특별시,은평구,서울특별시 은평구,37.592709,126.937128
269,101,빌라,51.4,5,2,임대,13696,2025-04-13,서울특별시,노원구,서울특별시 노원구,37.65942,127.054234
270,103,빌라,99.4,5,1,임대,73811,2025-04-24,서울특별시,송파구,서울특별시 송파구,37.510011,127.108341
271,1,빌라,28.1,2,3,임대,281400,2025-04-15,서울특별시,성북구,서울특별시 성북구,37.583232,127.025065
272,156,빌라,89.3,5,1,임대,197647,2025-05-19,서울특별시,영등포구,서울특별시 영등포구,37.51712,126.889704
273,67,빌라,80.7,3,1,본인 소유,221142,2025-02-16,서울특별시,용산구,서울특별시 용산구,37.540002,126.965734
274,83,빌라,81.0,2,3,본인 소유,292844,2025-05-16,서울특별시,노원구,서울특별시 노원구,37.661117,127.054819
275,49,빌라,22.6,1,3,본인 소유,188048,2025-04-21,서울특별시,성동구,서울특별시 성동구,37.546514,127.042776
276,28,빌라,78.1,5,2,본인 소유,157745,2025-06-26,서울특별시,마포구,서울특별시 마포구,37.558435,126.899153
277,225,빌라,23.0,5,2,임대,59976,2025-02-23,서울특별시,노원구,서울특별시 노원구,37.649849,127.055305
278,82,빌라,38.1,5,1,본인 소유,198799,2025-06-28,서울특별시,은평구,서울특별시 은평구,37.593793,126.938562
279,99,빌라,37.9,4,3,임대,167636,2025-05-21,서울특별시,강서구,서울특별시 강서구,37.555287,126.858837
280,100,빌라,85.4,3,3,본인 소유,227583,2025-05-03,서울특별시,서초구,서울특별시 서초구,37.485893,127.040321
281,56,빌라,80.3,5,2,임대,290519,2025-01-16,서울특별시,동작구,서울특별시 동작구,37.518534,126.948997
282,70,빌라,21.7,2,3,본인 소유,149784,2025-05-19,서울특별시,은평구,서울특별시 은평구,37.600989,126.934177
283,12,빌라,95.9,1,3,임대,152180,2025-04-12,서울특별시,강남구,서울특별시 강남구,37.566137,126.975234
284,77,빌라,97.8,2,3,본인 소유,208522,2025-01-01,서울특별시,마포구,서울특별시 마포구,37.55607,126.901642
285,183,빌라,47.6,2,3,임대,225516,2025-03-14,서울특별시,성동구,서울특별시 성동구,37.543103,127.047909
286,165,빌라,32.6,1,3,임대,35675,2025-04-22,서울특별시,영등포구,서울특별시 영등포구,37.520668,126.899503
287,218,빌라,45.0,2,3,본인 소유,139887,2025-05-08,서울특별시,성북구,서울특별시 성북구,37.588106,127.017686
288,240,빌라,87.1,2,1,본인 소유,80305,2025-05-12,서울특별시,도봉구,서울특별시 도봉구,37.666487,127.037604
289,70,빌라,62.7,3,1,임대,252188,2025-03-05,서울특별시,도봉구,서울특별시 도봉구,37.668822,127.051224
290,234,빌라,30.5,2,1,본인 소유,131950,2025-06-21,서울특별시,광진구,서울특별시 광진구,37.539454,127.080131
291,183,빌라,60.1,3,2,본인 소유,283586,2025-03-13,서울특별시,동대문구,서울특별시 동대문구,37.570731,127.045828
292,146,빌라,51.3,5,3,본인 소유,258709,2025-04-07,서울특별시,서초구,서울특별시 서초구,37.477438,127.022796
293,6,빌라,25.5,3,1,본인 소유,255809,2025-04-22,서울특별시,영등포구,서울특별시 영등포구,37.531054,126.894291
294,23,빌라,36.4,4,1,임대,85277,2025-05-27,서울특별시,동대문구,서울특별시 동대문구,37.577951,127.030942
295,151,빌라,42.2,2,3,본인 소유,260216,2025-02-26,서울특별시,강남구,서울특별시 강남구,37.571519,126.970027
296,161,빌라,34.3,2,1,본인 소유,166989,2025-06-18,서울특별시,동대문구,서울특별시 동대문구,37.56575,127.039874
297,95,빌라,47.7,4,3,임대,69778,2025-01-10,서울특별시,용산구,서울특별시 용산구,37.542491,126.963855
298,113,빌라,43.0,2,2,본인 소유,100265,2025-06-20,서울특별시,노원구,서울특별시 노원구,37.653861,127.052171
299,228,빌라,96.1,3,1,본인 소유,205691,2025-05-27,서울특별시,중구,서울특별시 중구,37.55554,126.989412
300,97,빌라,71.3,3,2,임대,273450,2025-01-10,서울특별시,성북구,서울특별시 성북구,37.581242,127.017768
301,85,빌라,45.0,4,3,본인 소유,290833,2025-06-06,서울특별시,은평구,서울특별시 은평구,37.606833,126.9313
302,242,빌라,32.4,3,2,임대,264511,2025-05-29,서울특별시,관악구,서울특별시 관악구,37.487335,126.943718
303,145,빌라,49.9,5,1,임대,183123,2025-01-07,서울특별시,도봉구,서울특별시 도봉구,37.674246,127.049604
304,59,빌라,37.6,1,1,본인 소유,285049,2025-06-09,서울특별시,송파구,서울특별시 송파구,37.51534,127.114693
305,39,빌라,59.8,3,2,본인 소유,192003,2025-03-26,서울특별시,광진구,서울특별시 광진구,37.532693,127.0855
306,150,빌라,85.4,3,1,임대,100009,2025-05-27,서울특별시,중구,서울특별시 중구,37.570144,127.005126
307,105,빌라,39.4,4,1,본인 소유,282422,2025-04-23,서울특별시,광진구,서울특별시 광진구,37.540666,127.084954
308,185,빌라,22.4,1,1,본인 소유,243540,2025-02-12,서울특별시,서초구,서울특별시 서초구,37.4747,127.04063
309,223,빌라,54.0,2,1,임대,44397,2025-02-17,서울특별시,구로구,서울특별시 구로구,37.503623,126.884497
310,164,빌라,59.5,5,2,임대,273013,2025-03-06,서울특별시,은평구,서울특별시 은평구,37.610399,126.926766
311,143,빌라,81.7,1,1,임대,165242,2025-03-30,서울특별시,서초구,서울특별시 서초구,37.493453,127.02823
312,47,빌라,91.6,1,2,본인 소유,95178,2025-03-26,서울특별시,종로구,서울특별시 종로구,37.568877,126.976269
313,3,빌라,76.4,2,2,본인 소유,15668,2025-03-20,서울특별시,서초구,서울특별시 서초구,37.486305,127.027368
314,108,빌라,82.8,2,1,임대,98835,2025-05-15,서울특별시,서초구,서울특별시 서초구,37.482088,127.032402
315,73,빌라,36.8,1,3,임대,23261,2025-06-15,서울특별시,구로구,서울특별시 구로구,37.494791,126.877966
316,146,빌라,32.8,5,1,본인 소유,123499,2025-01-21,서울특별시,도봉구,서울특별시 도봉구,37.664005,127.04029
317,131,빌라,84.5,1,3,본인 소유,162297,2025-01-23,서울특별시,강북구,서울특별시 강북구,37.64613,127.024624
318,193,빌라,86.3,1,1,임대,251503,2025-05-13,서울특별시,강북구,서울특별시 강북구,37.636738,127.022776
319,44,빌라,41.7,1,1,임대,141208,2025-01-06,서울특별시,영등포구,서울특별시 영등포구,37.529044,126.89367
320,132,빌라,88.7,2,3,임대,245595,2025-06-07,서울특별시,서초구,서울특별시 서초구,37.483763,127.026277
321,69,빌라,56.7,5,2,본인 소유,195388,2025-05-25,서울특별시,강북구,서울특별시 강북구,37.629865,127.021619
322,126,빌라,83.2,1,2,임대,80269,2025-06-09,서울특별시,마포구,서울특별시 마포구,37.559159,126.908838
323,219,빌라,70.8,3,2,임대,271798,2025-02-16,서울특별시,영등포구,서울특별시 영등포구,37.534033,126.88863
324,155,빌라,96.8,3,1,임대,25534,2025-02-02,서울특별시,마포구,서울특별시 마포구,37.546584,126.902591
325,241,빌라,52.9,2,1,임대,171121,2025-05-21,서울특별시,금천구,서울특별시 금천구,37.464329,126.89918
326,157,빌라,29.2,1,1,본인 소유,103500,2025-06-06,서울특별시,마포구,서울특별시 마포구,37.554528,126.90885
327,48,빌라,36.5,5,2,임대,287954,2025-01-07,서울특별시,관악구,서울특별시 관악구,37.471257,126.955441
328,70,빌라,21.4,1,3,임대,133130,2025-05-11,서울특별시,성동구,서울특별시 성동구,37.550756,127.039285
329,36,빌라,40.3,1,2,본인 소유,52056,2025-04-30,서울특별시,동대문구,서울특별시 동대문구,37.576969,127.043273
330,68,빌라,87.5,3,3,본인 소유,243192,2025-06-06,서울특별시,강서구,서울특별시 강서구,37.557422,126.855928
331,98,빌라,58.7,3,1,본인 소유,47405,2025-02-26,서울특별시,구로구,서울특별시 구로구,37.501812,126.885491
332,184,빌라,25.4,4,3,임대,179831,2025-02-05,서울특별시,성동구,서울특별시 성동구,37.558635,127.034969
333,94,빌라,25.9,2,1,임대,12382,2025-01-20,서울특별시,구로구,서울특별시 구로구,37.486731,126.890366
334,152,빌라,25.6,3,3,본인 소유,32010,2025-03-01,서울특별시,금천구,서울특별시 금천구,37.447757,126.894528
335,143,빌라,94.3,3,2,본인 소유,183311,2025-02-18,서울특별시,서초구,서울특별시 서초구,37.474606,127.029399
336,168,빌라,81.8,1,1,본인 소유,262217,2025-04-11,서울특별시,금천구,서울특별시 금천구,37.447006,126.90169
337,136,빌라,61.4,1,3,임대,292140,2025-02-28,서울특별시,마포구,서울특별시 마포구,37.556935,126.91426
338,85,빌라,51.3,2,1,본인 소유,217574,2025-05-11,서울특별시,성북구,서울특별시 성북구,37.59265,127.013639
339,25,빌라,66.3,2,2,임대,49178,2025-02-23,서울특별시,관악구,서울특별시 관악구,37.481483,126.959383
340,20,빌라,39.3,3,2,본인 소유,16859,2025-05-18,서울특별시,구로구,서울특별시 구로구,37.489445,126.883677
341,55,빌라,66.8,2,3,본인 소유,17485,2025-04-23,서울특별시,구로구,서울특별시 구로구,37.500315,126.888559
342,160,빌라,70.9,3,2,임대,220048,2025-06-22,서울특별시,강북구,서울특별시 강북구,37.640587,127.026365
343,204,빌라,72.4,2,3,임대,135814,2025-03-11,서울특별시,종로구,서울특별시 종로구,37.572762,126.974469
344,101,빌라,32.0,1,1,임대,161956,2025-04-06,서울특별시,용산구,서울특별시 용산구,37.543873,126.970357
345,216,빌라,88.6,1,2,임대,185607,2025-06-06,서울특별시,광진구,서울특별시 광진구,37.544887,127.084801
346,129,빌라,79.8,1,2,임대,85403,2025-02-12,서울특별시,관악구,서울특별시 관악구,37.481735,126.943487
347,39,빌라,20.5,3,3,임대,262156,2025-01-13,서울특별시,종로구,서울특별시 종로구,37.579527,126.982385
348,142,빌라,87.9,3,2,임대,104715,2025-02-17,서울특별시,성동구,서울특별시 성동구,37.559823,127.048734
349,44,빌라,93.3,1,3,임대,177679,2025-04-09,서울특별시,용산구,서울특별시 용산구,37.528715,126.955743
350,4,빌라,67.0,1,1,임대,80014,2025-01-19,서울특별시,동대문구,서울특별시 동대문구,37.576892,127.046789
351,225,빌라,66.3,3,3,본인 소유,277885,2025-01-28,서울특별시,송파구,서울특별시 송파구,37.518023,127.098669
352,74,빌라,59.5,1,2,본인 소유,89768,2025-01-14,서울특별시,관악구,서울특별시 관악구,37.477786,126.950461
353,40,빌라,74.2,2,3,임대,232123,2025-05-13,서울특별시,동작구,서울특별시 동작구,37.511495,126.942796
354,104,빌라,71.9,2,2,임대,263187,2025-05-23,서울특별시,중구,서울특별시 중구,37.567818,127.001843
355,130,빌라,73.4,5,2,본인 소유,259265,2025-05-28,서울특별시,노원구,서울특별시 노원구,37.658303,127.055903
356,233,빌라,76.0,4,2,본인 소유,253877,2025-05-11,서울특별시,종로구,서울특별시 종로구,37.579082,126.981094
357,205,빌라,32.3,5,1,본인 소유,194099,2025-01-26,서울특별시,마포구,서울특별시 마포구,37.55167,126.906238
358,91,빌라,24.2,5,2,본인 소유,108000,2025-05-08,서울특별시,강남구,서울특별시 강남구,37.568357,126.975098
359,102,빌라,72.7,5,3,임대,115686,2025-03-29,서울특별시,노원구,서울특별시 노원구,37.661819,127.064458
360,89,빌라,91.8,1,3,임대,150148,2025-04-20,서울특별시,금천구,서울특별시 금천구,37.466845,126.886201
361,24,빌라,51.7,1,2,본인 소유,101036,2025-05-27,서울특별시,구로구,서울특별시 구로구,37.49235,126.886108
362,13,빌라,33.4,3,2,본인 소유,12775,2025-05-18,서울특별시,강서구,서울특별시 강서구,37.556488,126.847824
363,216,빌라,97.8,1,3,본인 소유,297623,2025-04-03,서울특별시,마포구,서울특별시 마포구,37.54525,126.901146
364,121,빌라,49.2,4,1,임대,288495,2025-02-05,서울특별시,은평구,서울특별시 은평구,37.59311,126.935632
365,129,빌라,82.1,2,3,임대,55066,2025-02-15,서울특별시,광진구,서울특별시 광진구,37.531802,127.090165
366,123,빌라,82.4,3,2,임대,297710,2025-02-26,서울특별시,강북구,서울특별시 강북구,37.63272,127.02527
367,241,빌라,56.7,5,1,본인 소유,83616,2025-05-23,서울특별시,용산구,서울특별시 용산구,37.52954,126.963772
368,135,빌라,87.2,1,1,본인 소유,41379,2025-03-23,서울특별시,송파구,서울특별시 송파구,37.510778,127.10666
369,95,빌라,58.7,3,3,임대,239602,2025-02-17,서울특별시,중랑구,서울특별시 중랑구,37.611233,127.092451
370,22,빌라,53.3,5,1,임대,81045,2025-03-18,서울특별시,마포구,서울특별시 마포구,37.544365,126.912171
371,114,빌라,97.6,1,1,본인 소유,275406,2025-06-15,서울특별시,성동구,서울특별시 성동구,37.557992,127.038956
372,155,빌라,37.5,5,2,본인 소유,280741,2025-04-06,서울특별시,중랑구,서울특별시 중랑구,37.600105,127.088173
373,224,빌라,31.4,3,2,임대,286223,2025-03-17,서울특별시,중구,서울특별시 중구,37.573399,126.999325
374,235,빌라,47.0,4,1,임대,204472,2025-01-31,서울특별시,영등포구,서울특별시 영등포구,37.530989,126.897664
375,103,빌라,20.1,2,2,임대,51235,2025-03-22,서울특별시,노원구,서울특별시 노원구,37.649193,127.052065
376,242,빌라,36.0,2,2,임대,96124,2025-01-23,서울특별시,은평구,서울특별시 은평구,37.598007,126.930187
377,233,빌라,82.9,5,3,임대,247723,2025-01-16,서울특별시,중구,서울특별시 중구,37.566199,127.00639
378,155,빌라,67.8,5,2,임대,174957,2025-03-23,서울특별시,금천구,서울특별시 금천구,37.456645,126.8942
379,15,빌라,23.6,1,3,본인 소유,245998,2025-02-22,서울특별시,동작구,서울특별시 동작구,37.515888,126.944558
380,165,빌라,55.1,1,3,임대,285553,2025-01-09,서울특별시,강북구,서울특별시 강북구,37.630298,127.026723
381,40,빌라,28.9,1,3,본인 소유,237434,2025-02-11,서울특별시,강남구,서울특별시 강남구,37.557492,126.982492
382,150,빌라,81.8,2,1,임대,186469,2025-06-27,서울특별시,관악구,서울특별시 관악구,37.483415,126.94411
383,132,빌라,62.0,1,1,임대,23682,2025-05-19,서울특별시,은평구,서울특별시 은평구,37.593083,126.935637
384,113,빌라,73.4,3,3,본인 소유,20234,2025-01-17,서울특별시,중구,서울특별시 중구,37.554602,127.00713
385,7,빌라,87.8,5,3,본인 소유,238931,2025-06-26,서울특별시,관악구,서울특별시 관악구,37.48197,126.947951
386,54,빌라,74.2,1,1,본인 소유,48134,2025-03-24,서울특별시,강서구,서울특별시 강서구,37.547495,126.848612
387,128,빌라,88.0,2,2,본인 소유,266446,2025-04-24,서울특별시,송파구,서울특별시 송파구,37.507345,127.102163
388,177,빌라,39.2,4,3,본인 소유,262557,2025-01-25,서울특별시,용산구,서울특별시 용산구,37.53237,126.958698
389,42,빌라,24.8,1,2,본인 소유,54041,2025-03-08,서울특별시,강서구,서울특별시 강서구,37.544488,126.839601
390,209,빌라,24.4,3,1,임대,287785,2025-06-24,서울특별시,강서구,서울특별시 강서구,37.557048,126.854641
391,223,빌라,80.6,4,3,본인 소유,77766,2025-04-22,서울특별시,은평구,서울특별시 은평구,37.609823,126.926235
392,174,빌라,95.2,5,1,본인 소유,81088,2025-04-26,서울특별시,송파구,서울특별시 송파구,37.513301,127.110494
393,154,빌라,44.0,4,3,본인 소유,164648,2025-01-21,서울특별시,용산구,서울특별시 용산구,37.534159,126.965256
394,160,빌라,23.6,4,3,임대,166177,2025-05-29,서울특별시,중구,서울특별시 중구,37.561802,126.995003
395,136,빌라,52.0,1,1,본인 소유,65798,2025-03-02,서울특별시,금천구,서울특별시 금천구,37.460041,126.903568
396,6,빌라,48.9,3,1,본인 소유,236817,2025-04-14,서울특별시,광진구,서울특별시 광진구,37.530375,127.073713
397,66,빌라,28.3,2,1,임대,131724,2025-05-02,서울특별시,종로구,서울특별시 종로구,37.576674,126.979546
398,123,빌라,54.5,2,3,임대,142659,2025-03-30,서울특별시,광진구,서울특별시 광진구,37.533593,127.091594
399,95,빌라,99.2,1,1,임대,189689,2025-06-19,서울특별시,관악구,서울특별시 관악구,37.478872,126.945965
400,205,빌라,91.7,1,1,본인 소유,138652,2025-05-25,서울특별시,동작구,서울특별시 동작구,37.517304,126.930829
401,228,빌라,87.3,5,3,본인 소유,193804,2025-01-27,서울특별시,용산구,서울특별시 용산구,37.537734,126.965043
402,15,빌라,94.6,5,2,본인 소유,132672,2025-05-31,서울특별시,강북구,서울특별시 강북구,37.638782,127.021766
403,224,빌라,52.6,3,2,본인 소유,246304,2025-01-14,서울특별시,도봉구,서울특별시 도봉구,37.659453,127.046612
404,15,빌라,61.0,3,3,본인 소유,99424,2025-06-12,서울특별시,용산구,서울특별시 용산구,37.53288,126.960183
405,203,빌라,95.2,4,1,임대,202656,2025-03-12,서울특별시,서초구,서울특별시 서초구,37.47833,127.036027
406,143,빌라,80.0,2,2,임대,180863,2025-03-09,서울특별시,마포구,서울특별시 마포구,37.561145,126.907082
407,52,빌라,23.4,5,2,본인 소유,258044,2025-01-31,서울특별시,동작구,서울특별시 동작구,37.505536,126.945846
408,4,빌라,78.5,1,3,임대,196950,2025-04-18,서울특별시,성북구,서울특별시 성북구,37.584028,127.016749
409,154,빌라,42.9,2,2,본인 소유,157878,2025-03-01,서울특별시,용산구,서울특별시 용산구,37.535992,126.961732
410,129,빌라,86.6,2,1,본인 소유,62227,2025-04-03,서울특별시,서초구,서울특별시 서초구,37.490189,127.025329
411,212,빌라,40.0,2,1,임대,199651,2025-01-06,서울특별시,강남구,서울특별시 강남구,37.56651,126.976675
412,152,빌라,86.3,3,1,본인 소유,220307,2025-03-22,서울특별시,종로구,서울특별시 종로구,37.581187,126.980088
413,53,빌라,85.6,3,2,임대,292579,2025-05-30,서울특별시,송파구,서울특별시 송파구,37.508718,127.113044
414,153,빌라,82.4,1,3,본인 소유,255984,2025-01-18,서울특별시,동작구,서울특별시 동작구,37.514787,126.938388
415,155,빌라,25.3,5,3,임대,204840,2025-06-05,서울특별시,용산구,서울특별시 용산구,37.53449,126.959362
416,154,빌라,77.9,2,2,임대,147854,2025-06-18,서울특별시,영등포구,서울특별시 영등포구,37.525245,126.902144
417,31,빌라,33.0,3,3,임대,50149,2025-06-22,서울특별시,노원구,서울특별시 노원구,37.657434,127.058849
418,190,빌라,89.5,4,1,본인 소유,166625,2025-02-23,서울특별시,은평구,서울특별시 은평구,37.595409,126.92373
419,94,빌라,88.6,3,2,본인 소유,89211,2025-06-24,서울특별시,성북구,서울특별시 성북구,37.5878,127.006894
420,62,빌라,65.3,2,2,임대,145758,2025-03-13,서울특별시,은평구,서울특별시 은평구,37.606654,126.926382
421,8,빌라,35.6,4,1,본인 소유,38202,2025-01-17,서울특별시,강남구,서울특별시 강남구,37.559139,126.978264
422,80,빌라,85.4,5,2,본인 소유,62003,2025-01-28,서울특별시,강서구,서울특별시 강서구,37.545186,126.844022
423,162,빌라,26.7,2,3,임대,132035,2025-05-04,서울특별시,마포구,서울특별시 마포구,37.548649,126.915614
424,177,아파트,51.6,4,3,임대,63311,2025-06-14,서울특별시,송파구,서울특별시 송파구,37.513342,127.102588
425,35,아파트,78.7,4,2,본인 소유,51743,2025-05-26,서울특별시,은평구,서울특별시 은평구,37.610916,126.930048
426,136,아파트,84.2,3,2,본인 소유,278508,2025-04-10,서울특별시,서초구,서울특별시 서초구,37.485397,127.029151
427,27,아파트,29.8,3,3,본인 소유,237909,2025-04-26,서울특별시,중랑구,서울특별시 중랑구,37.603146,127.088838
428,100,아파트,85.9,2,1,본인 소유,69222,2025-05-06,서울특별시,구로구,서울특별시 구로구,37.501921,126.890862
429,96,아파트,41.7,2,1,본인 소유,85910,2025-03-09,서울특별시,은평구,서울특별시 은평구,37.599909,126.932525
430,215,아파트,80.9,5,1,임대,56418,2025-04-05,서울특별시,송파구,서울특별시 송파구,37.507881,127.102936
431,41,아파트,54.2,4,1,본인 소유,256686,2025-04-17,서울특별시,성북구,서울특별시 성북구,37.591788,127.014924
432,119,아파트,82.4,2,3,본인 소유,199323,2025-04-05,서울특별시,송파구,서울특별시 송파구,37.520965,127.107024
433,127,아파트,82.5,2,2,본인 소유,189971,2025-04-18,서울특별시,서초구,서울특별시 서초구,37.4776,127.035442
434,23,아파트,73.9,5,3,본인 소유,190418,2025-01-27,서울특별시,중구,서울특별시 중구,37.556519,127.007483
435,160,아파트,20.4,4,2,본인 소유,124456,2025-04-06,서울특별시,중랑구,서울특별시 중랑구,37.615279,127.097917
436,182,아파트,45.9,1,2,본인 소유,39092,2025-01-22,서울특별시,서초구,서울특별시 서초구,37.482981,127.041261
437,148,아파트,34.7,1,2,본인 소유,277687,2025-03-14,서울특별시,중랑구,서울특별시 중랑구,37.598669,127.102538
438,98,아파트,84.5,4,3,본인 소유,38992,2025-06-28,서울특별시,광진구,서울특별시 광진구,37.528957,127.084655
439,183,아파트,70.7,1,2,본인 소유,17452,2025-01-15,서울특별시,관악구,서울특별시 관악구,37.482885,126.951452
440,14,아파트,22.0,5,2,본인 소유,152157,2025-04-11,서울특별시,성동구,서울특별시 성동구,37.55244,127.034218
441,218,아파트,89.0,4,1,본인 소유,148261,2025-05-07,서울특별시,관악구,서울특별시 관악구,37.47095,126.957604
442,107,아파트,44.6,5,2,본인 소유,214994,2025-05-31,서울특별시,강서구,서울특별시 강서구,37.560588,126.85161
443,156,아파트,72.9,3,2,임대,44782,2025-05-20,서울특별시,중랑구,서울특별시 중랑구,37.601839,127.086958
444,216,아파트,30.2,4,1,임대,278782,2025-02-13,서울특별시,은평구,서울특별시 은평구,37.610754,126.935845
445,136,아파트,71.6,3,2,임대,141936,2025-01-31,서울특별시,성북구,서울특별시 성북구,37.585765,127.024585
446,138,아파트,21.0,5,3,본인 소유,254936,2025-01-29,서울특별시,금천구,서울특별시 금천구,37.454032,126.89069
447,89,아파트,73.3,5,3,임대,40791,2025-05-09,서울특별시,송파구,서울특별시 송파구,37.520745,127.103581
448,117,아파트,98.1,3,1,본인 소유,78111,2025-04-09,서울특별시,성동구,서울특별시 성동구,37.542221,127.047494
449,24,아파트,46.2,1,1,본인 소유,104108,2025-03-25,서울특별시,영등포구,서울특별시 영등포구,37.528054,126.902449
450,89,아파트,49.2,4,3,임대,15594,2025-04-18,서울특별시,영등포구,서울특별시 영등포구,37.528246,126.900093
451,157,아파트,54.1,3,2,임대,147900,2025-06-20,서울특별시,성북구,서울특별시 성북구,37.584535,127.022782
452,214,아파트,44.6,5,1,본인 소유,274179,2025-02-11,서울특별시,강남구,서울특별시 강남구,37.569974,126.98335
453,126,아파트,66.8,4,1,본인 소유,204999,2025-02-08,서울특별시,영등포구,서울특별시 영등포구,37.518561,126.89577
454,14,아파트,23.8,2,3,임대,94577,2025-06-20,서울특별시,종로구,서울특별시 종로구,37.572983,126.970234
455,24,아파트,44.6,2,1,임대,11466,2025-02-21,서울특별시,성북구,서울특별시 성북구,37.593186,127.011746
456,177,아파트,92.6,4,1,본인 소유,274037,2025-04-20,서울특별시,관악구,서울특별시 관악구,37.486273,126.943093
457,214,아파트,21.7,1,1,임대,177477,2025-04-26,서울특별시,성동구,서울특별시 성동구,37.547772,127.049127
458,177,아파트,74.1,2,3,본인 소유,171205,2025-06-22,서울특별시,용산구,서울특별시 용산구,37.540962,126.974013
459,30,아파트,47.6,1,2,임대,279152,2025-06-13,서울특별시,영등포구,서울특별시 영등포구,37.52276,126.897795
460,19,아파트,99.8,4,1,임대,155486,2025-04-20,서울특별시,강서구,서울특별시 강서구,37.543938,126.852662
461,145,아파트,55.4,4,2,본인 소유,271439,2025-03-28,서울특별시,동대문구,서울특별시 동대문구,37.572145,127.042694
462,8,아파트,32.1,2,1,임대,21569,2025-02-21,서울특별시,서초구,서울특별시 서초구,37.486675,127.041491
463,238,아파트,33.0,1,3,본인 소유,73965,2025-06-27,서울특별시,도봉구,서울특별시 도봉구,37.661336,127.044935
464,48,아파트,43.6,4,3,임대,244778,2025-02-01,서울특별시,성동구,서울특별시 성동구,37.54293,127.035985
465,107,아파트,90.3,3,3,임대,148426,2025-01-31,서울특별시,광진구,서울특별시 광진구,37.531367,127.075642
466,5,아파트,45.5,1,2,본인 소유,148442,2025-03-07,서울특별시,노원구,서울특별시 노원구,37.656488,127.057273
467,160,아파트,44.6,5,1,임대,59593,2025-03-31,서울특별시,중랑구,서울특별시 중랑구,37.614716,127.089796
468,122,아파트,68.3,3,1,본인 소유,149005,2025-04-11,서울특별시,중구,서울특별시 중구,37.560514,126.995783
469,40,아파트,84.8,3,3,임대,249350,2025-01-29,서울특별시,성동구,서울특별시 성동구,37.554045,127.040526
470,241,아파트,68.8,5,2,본인 소유,265658,2025-06-15,서울특별시,성동구,서울특별시 성동구,37.551938,127.037931
471,242,아파트,55.3,3,2,본인 소유,39793,2025-04-03,서울특별시,강남구,서울특별시 강남구,37.573207,126.971938
472,28,아파트,57.3,1,1,임대,268191,2025-04-05,서울특별시,관악구,서울특별시 관악구,37.472763,126.960308
473,221,아파트,21.1,1,1,본인 소유,112828,2025-05-30,서울특별시,광진구,서울특별시 광진구,37.531693,127.080502
474,242,아파트,42.7,3,2,임대,87606,2025-05-02,서울특별시,동대문구,서울특별시 동대문구,37.580897,127.045255
475,20,아파트,31.4,2,1,임대,21781,2025-05-20,서울특별시,종로구,서울특별시 종로구,37.576007,126.969147
476,169,아파트,90.7,2,3,본인 소유,52674,2025-03-26,서울특별시,용산구,서울특별시 용산구,37.545496,126.974448
477,64,아파트,99.6,1,2,임대,75524,2025-03-12,서울특별시,마포구,서울특별시 마포구,37.552966,126.908609
478,20,아파트,92.2,1,1,본인 소유,237328,2025-01-10,서울특별시,용산구,서울특별시 용산구,37.543956,126.971847
479,167,아파트,95.0,1,1,본인 소유,199933,2025-04-22,서울특별시,중랑구,서울특별시 중랑구,37.605486,127.091631
480,111,아파트,99.2,5,3,임대,265116,2025-02-12,서울특별시,동작구,서울특별시 동작구,37.507317,126.936463
481,111,아파트,33.6,4,3,본인 소유,105386,2025-06-09,서울특별시,강북구,서울특별시 강북구,37.635318,127.029148
482,169,아파트,66.4,4,2,임대,162545,2025-03-08,서울특별시,동대문구,서울특별시 동대문구,37.572674,127.042559
483,234,아파트,45.2,5,1,임대,189736,2025-05-28,서울특별시,관악구,서울특별시 관악구,37.480387,126.956173
484,184,아파트,67.0,5,2,임대,80219,2025-04-24,서울특별시,은평구,서울특별시 은평구,37.605051,126.923256
485,169,아파트,99.4,5,2,본인 소유,252037,2025-02-14,서울특별시,종로구,서울특별시 종로구,37.570499,126.984549
486,71,아파트,21.3,3,2,본인 소유,161990,2025-04-02,서울특별시,강남구,서울특별시 강남구,37.571294,126.980246
487,48,아파트,89.3,1,1,본인 소유,15730,2025-04-08,서울특별시,강서구,서울특별시 강서구,37.557352,126.855583
488,199,아파트,52.2,4,2,본인 소유,186111,2025-06-12,서울특별시,용산구,서울특별시 용산구,37.536716,126.966372
489,65,아파트,65.7,2,1,임대,128248,2025-03-06,서울특별시,영등포구,서울특별시 영등포구,37.516622,126.900803
490,212,아파트,58.7,5,3,본인 소유,147046,2025-05-29,서울특별시,구로구,서울특별시 구로구,37.492509,126.890784
491,79,아파트,38.0,3,3,본인 소유,112834,2025-06-19,서울특별시,용산구,서울특별시 용산구,37.532376,126.9617
492,214,아파트,40.9,1,1,임대,222792,2025-01-31,서울특별시,서초구,서울특별시 서초구,37.489304,127.033678
493,27,아파트,59.1,4,1,본인 소유,147844,2025-04-02,서울특별시,강서구,서울특별시 강서구,37.555401,126.851702
494,226,아파트,45.5,1,2,임대,115468,2025-02-07,서울특별시,금천구,서울특별시 금천구,37.46078,126.889255
495,212,아파트,95.3,5,3,임대,212258,2025-05-26,서울특별시,성북구,서울특별시 성북구,37.579879,127.018397
496,183,아파트,91.7,4,1,임대,71360,2025-05-06,서울특별시,중랑구,서울특별시 중랑구,37.604547,127.093028
497,130,아파트,84.7,1,2,임대,37464,2025-05-09,서울특별시,종로구,서울특별시 종로구,37.569822,126.981439
498,60,아파트,35.9,2,2,임대,247612,2025-05-14,서울특별시,성북구,서울특별시 성북구,37.583016,127.012076
499,27,아파트,26.5,2,2,본인 소유,249608,2025-01-18,서울특별시,금천구,서울특별시 금천구,37.45543,126.897908
500,128,아파트,21.1,1,1,임대,68755,2025-01-16,서울특별시,강북구,서울특별시 강북구,37.637606,127.031937
501,226,아파트,56.7,4,3,본인 소유,223614,2025-01-02,서울특별시,강서구,서울특별시 강서구,37.543776,126.857223
502,138,아파트,77.6,1,3,본인 소유,186318,2025-04-20,서울특별시,동대문구,서울특별시 동대문구,37.583035,127.049439
503,10,아파트,92.3,2,1,본인 소유,260231,2025-05-21,서울특별시,구로구,서울특별시 구로구,37.488153,126.877419
504,15,아파트,23.2,2,2,본인 소유,256331,2025-01-23,서울특별시,광진구,서울특별시 광진구,37.535531,127.090435
505,161,아파트,94.8,2,3,임대,27118,2025-03-30,서울특별시,용산구,서울특별시 용산구,37.547931,126.968312
506,45,아파트,30.5,2,1,임대,272875,2025-04-16,서울특별시,서초구,서울특별시 서초구,37.493013,127.030271
507,192,아파트,54.2,4,1,임대,233034,2025-05-06,서울특별시,성북구,서울특별시 성북구,37.589489,127.012944
508,180,아파트,86.0,1,3,임대,245702,2025-01-14,서울특별시,강남구,서울특별시 강남구,37.57493,126.984242
509,159,아파트,83.0,3,2,본인 소유,229730,2025-02-11,서울특별시,강북구,서울특별시 강북구,37.642431,127.016211
510,22,아파트,88.6,2,1,본인 소유,75431,2025-05-26,서울특별시,은평구,서울특별시 은평구,37.598749,126.936274
511,219,아파트,60.0,3,2,임대,82573,2025-01-28,서울특별시,관악구,서울특별시 관악구,37.482051,126.948232
512,216,아파트,55.6,5,2,본인 소유,126582,2025-02-28,서울특별시,관악구,서울특별시 관악구,37.471943,126.941703
513,99,아파트,82.7,1,1,임대,274860,2025-02-25,서울특별시,광진구,서울특별시 광진구,37.545825,127.077989
514,50,아파트,24.3,3,1,임대,272607,2025-06-21,서울특별시,중랑구,서울특별시 중랑구,37.613861,127.085977
515,127,아파트,63.9,2,3,본인 소유,32504,2025-05-07,서울특별시,성북구,서울특별시 성북구,37.582766,127.023429
516,219,아파트,94.7,3,2,임대,21516,2025-03-02,서울특별시,마포구,서울특별시 마포구,37.561525,126.91685
517,143,아파트,29.0,2,2,본인 소유,259329,2025-03-20,서울특별시,관악구,서울특별시 관악구,37.485986,126.956107
518,113,아파트,70.5,3,2,임대,244856,2025-04-08,서울특별시,종로구,서울특별시 종로구,37.582728,126.982483
519,147,아파트,92.9,5,1,본인 소유,112478,2025-03-19,서울특별시,금천구,서울특별시 금천구,37.458553,126.905509
520,200,아파트,57.0,5,1,본인 소유,93981,2025-05-16,서울특별시,종로구,서울특별시 종로구,37.566932,126.972249
521,136,아파트,73.1,5,1,임대,137732,2025-01-22,서울특별시,관악구,서울특별시 관악구,37.473399,126.943067
522,50,아파트,73.9,3,1,본인 소유,248009,2025-05-10,서울특별시,강서구,서울특별시 강서구,37.558601,126.856565
523,220,아파트,67.7,1,1,임대,169379,2025-01-16,서울특별시,중구,서울특별시 중구,37.564257,126.994317
524,72,아파트,53.5,1,2,임대,181349,2025-03-05,서울특별시,강북구,서울특별시 강북구,37.630695,127.019785
525,30,아파트,78.6,1,2,임대,137870,2025-04-07,서울특별시,중구,서울특별시 중구,37.570445,127.002957
526,2,아파트,47.9,3,3,본인 소유,282544,2025-01-28,서울특별시,관악구,서울특별시 관악구,37.470783,126.951848
527,176,아파트,99.5,2,3,본인 소유,250489,2025-02-25,서울특별시,성북구,서울특별시 성북구,37.581612,127.007412
528,190,아파트,47.3,5,3,임대,47052,2025-06-19,서울특별시,종로구,서울특별시 종로구,37.571336,126.984948
529,116,아파트,22.5,2,2,본인 소유,206753,2025-04-16,서울특별시,동대문구,서울특별시 동대문구,37.579864,127.042932
530,8,아파트,63.1,1,2,임대,114186,2025-06-24,서울특별시,중구,서울특별시 중구,37.569091,126.992872
531,111,아파트,21.5,4,3,본인 소유,259200,2025-01-24,서울특별시,은평구,서울특별시 은평구,37.611781,126.921538
532,217,아파트,64.4,4,3,본인 소유,163885,2025-01-22,서울특별시,송파구,서울특별시 송파구,37.505864,127.099642
533,209,아파트,28.5,2,3,본인 소유,240693,2025-05-22,서울특별시,광진구,서울특별시 광진구,37.538259,127.078803
534,184,아파트,42.7,1,2,임대,103297,2025-05-05,서울특별시,성북구,서울특별시 성북구,37.597716,127.021059
535,221,아파트,26.2,3,1,임대,122564,2025-01-16,서울특별시,관악구,서울특별시 관악구,37.484825,126.952493
536,205,아파트,60.9,1,2,본인 소유,106426,2025-01-17,서울특별시,동대문구,서울특별시 동대문구,37.581479,127.029765
537,203,아파트,68.5,4,3,본인 소유,19196,2025-03-19,서울특별시,관악구,서울특별시 관악구,37.48446,126.961216
538,21,아파트,33.4,5,1,임대,241237,2025-05-30,서울특별시,영등포구,서울특별시 영등포구,37.519598,126.900025
539,46,아파트,29.5,2,2,임대,198305,2025-05-14,서울특별시,금천구,서울특별시 금천구,37.455124,126.898867
540,64,아파트,36.8,4,3,본인 소유,49886,2025-02-05,서울특별시,구로구,서울특별시 구로구,37.489119,126.896416
541,183,아파트,76.5,2,3,본인 소유,181616,2025-03-21,서울특별시,중구,서울특별시 중구,37.571059,126.990216
542,132,아파트,58.3,3,3,임대,117041,2025-04-07,서울특별시,동대문구,서울특별시 동대문구,37.576805,127.039055
543,99,아파트,84.7,1,1,임대,93123,2025-01-06,서울특별시,은평구,서울특별시 은평구,37.610449,126.931609
544,169,아파트,75.1,5,2,본인 소유,295904,2025-04-07,서울특별시,강남구,서울특별시 강남구,37.568883,126.984496
545,107,아파트,65.2,4,1,본인 소유,153933,2025-06-04,서울특별시,중구,서울특별시 중구,37.573355,127.001055
546,39,아파트,84.1,2,3,본인 소유,82902,2025-01-13,서울특별시,중구,서울특별시 중구,37.558082,126.997281
547,20,아파트,25.8,2,1,임대,299304,2025-04-11,서울특별시,광진구,서울특별시 광진구,37.532387,127.080447
548,200,아파트,31.8,1,1,본인 소유,266228,2025-02-26,서울특별시,성북구,서울특별시 성북구,37.587136,127.008312
549,226,아파트,85.0,4,1,임대,61567,2025-04-04,서울특별시,구로구,서울특별시 구로구,37.493345,126.882311
550,127,아파트,64.3,5,1,본인 소유,43324,2025-03-23,서울특별시,금천구,서울특별시 금천구,37.457834,126.90329
551,22,아파트,47.1,2,3,본인 소유,83591,2025-02-16,서울특별시,동작구,서울특별시 동작구,37.509842,126.944496
552,183,아파트,59.9,4,1,임대,47394,2025-03-31,서울특별시,종로구,서울특별시 종로구,37.56459,126.975181
553,37,아파트,96.9,2,1,임대,21049,2025-01-19,서울특별시,노원구,서울특별시 노원구,37.652675,127.053643
554,22,아파트,45.0,3,3,임대,231849,2025-04-09,서울특별시,노원구,서울특별시 노원구,37.650185,127.055417
555,75,아파트,47.1,4,1,본인 소유,155213,2025-05-09,서울특별시,노원구,서울특별시 노원구,37.660026,127.058828
556,71,아파트,51.0,5,3,본인 소유,283541,2025-05-24,서울특별시,관악구,서울특별시 관악구,37.4688,126.94285
557,121,아파트,29.0,1,2,임대,256060,2025-03-04,서울특별시,광진구,서울특별시 광진구,37.541634,127.076583
558,97,아파트,54.2,1,2,본인 소유,25116,2025-03-19,서울특별시,강북구,서울특별시 강북구,37.643903,127.034843
559,223,아파트,36.5,4,2,본인 소유,229222,2025-03-20,서울특별시,도봉구,서울특별시 도봉구,37.667735,127.039569
560,31,아파트,79.1,4,3,본인 소유,146066,2025-01-12,서울특별시,영등포구,서울특별시 영등포구,37.524154,126.888967
561,59,아파트,65.9,2,1,본인 소유,274140,2025-04-10,서울특별시,관악구,서울특별시 관악구,37.483795,126.961108
562,30,아파트,69.1,5,3,본인 소유,211798,2025-02-17,서울특별시,마포구,서울특별시 마포구,37.544063,126.915042
563,24,아파트,27.1,3,1,임대,219087,2025-05-11,서울특별시,중구,서울특별시 중구,37.5608,127.005293
564,218,아파트,29.5,3,1,본인 소유,56233,2025-05-29,서울특별시,강북구,서울특별시 강북구,37.644397,127.03148
565,109,아파트,88.6,5,3,임대,296198,2025-01-14,서울특별시,관악구,서울특별시 관악구,37.474841,126.952795
566,12,아파트,40.7,1,2,본인 소유,274080,2025-05-25,서울특별시,동작구,서울특별시 동작구,37.521003,126.939852
567,202,아파트,34.0,2,2,임대,38885,2025-05-01,서울특별시,금천구,서울특별시 금천구,37.456545,126.886746
568,233,아파트,29.7,2,2,본인 소유,39063,2025-05-05,서울특별시,종로구,서울특별시 종로구,37.575154,126.971382
569,77,아파트,39.9,2,2,임대,86411,2025-02-22,서울특별시,마포구,서울특별시 마포구,37.551644,126.898695
570,12,아파트,82.0,2,1,본인 소유,199167,2025-03-27,서울특별시,성동구,서울특별시 성동구,37.556863,127.03605
571,77,아파트,51.0,1,1,본인 소유,280012,2025-02-13,서울특별시,관악구,서울특별시 관악구,37.469794,126.959468
572,139,아파트,21.0,1,3,본인 소유,150183,2025-02-20,서울특별시,중구,서울특별시 중구,37.560726,127.006311
573,13,아파트,34.4,1,2,임대,199216,2025-01-18,서울특별시,성동구,서울특별시 성동구,37.554055,127.037645
574,86,아파트,29.1,2,2,임대,286393,2025-02-01,서울특별시,광진구,서울특별시 광진구,37.537536,127.089113
575,45,아파트,52.2,5,3,본인 소유,149718,2025-02-02,서울특별시,송파구,서울특별시 송파구,37.513825,127.111739
576,3,아파트,23.2,3,3,본인 소유,33548,2025-05-26,서울특별시,강남구,서울특별시 강남구,37.561748,126.976434
577,199,아파트,90.8,5,2,임대,124881,2025-06-13,서울특별시,서초구,서울특별시 서초구,37.480704,127.034744
578,20,아파트,70.5,5,2,임대,215753,2025-01-23,서울특별시,성동구,서울특별시 성동구,37.554617,127.036604
579,84,아파트,53.5,1,2,임대,59156,2025-06-03,서울특별시,도봉구,서울특별시 도봉구,37.662195,127.039013
580,21,아파트,61.2,2,2,임대,168666,2025-04-18,서울특별시,금천구,서울특별시 금천구,37.453248,126.890006
581,136,아파트,26.4,5,3,본인 소유,154587,2025-01-16,서울특별시,마포구,서울특별시 마포구,37.54944,126.910264
582,117,아파트,71.9,2,1,임대,277956,2025-04-20,서울특별시,노원구,서울특별시 노원구,37.652328,127.064397
583,194,아파트,52.2,3,3,임대,168272,2025-05-12,서울특별시,성북구,서울특별시 성북구,37.588926,127.020095
584,18,아파트,99.6,5,1,임대,161770,2025-06-17,서울특별시,동작구,서울특별시 동작구,37.516316,126.948184
585,230,아파트,54.0,5,2,임대,116379,2025-03-31,서울특별시,구로구,서울특별시 구로구,37.489471,126.892781
586,189,아파트,60.4,5,2,본인 소유,153029,2025-01-28,서울특별시,광진구,서울특별시 광진구,37.534436,127.072948
587,87,아파트,35.0,2,1,본인 소유,12637,2025-03-16,서울특별시,동대문구,서울특별시 동대문구,37.566815,127.049039
588,69,아파트,37.2,1,1,본인 소유,114824,2025-05-23,서울특별시,도봉구,서울특별시 도봉구,37.667373,127.04967
589,6,아파트,36.3,4,3,본인 소유,116471,2025-02-05,서울특별시,동대문구,서울특별시 동대문구,37.572383,127.034345
590,45,아파트,70.3,1,1,임대,115386,2025-06-12,서울특별시,성동구,서울특별시 성동구,37.548703,127.03568
591,98,아파트,67.4,5,1,임대,269278,2025-01-28,서울특별시,송파구,서울특별시 송파구,37.517572,127.10138
592,133,아파트,57.9,2,1,본인 소유,90730,2025-03-29,서울특별시,동작구,서울특별시 동작구,37.503569,126.935299
593,159,아파트,53.5,1,3,임대,290790,2025-05-10,서울특별시,강남구,서울특별시 강남구,37.568456,126.981295
594,78,아파트,23.1,3,3,본인 소유,112326,2025-06-26,서울특별시,강서구,서울특별시 강서구,37.554534,126.852727
595,232,아파트,77.4,3,2,본인 소유,144563,2025-04-23,서울특별시,성북구,서울특별시 성북구,37.586594,127.017423
596,147,아파트,54.1,4,3,임대,224839,2025-04-05,서울특별시,성동구,서울특별시 성동구,37.557873,127.050836
597,71,아파트,64.6,4,1,임대,287648,2025-02-06,서울특별시,영등포구,서울특별시 영등포구,37.52048,126.902729
598,126,아파트,34.1,4,3,임대,287510,2025-06-21,서울특별시,강북구,서울특별시 강북구,37.642617,127.028001
599,227,아파트,47.4,2,2,임대,125140,2025-05-02,서울특별시,노원구,서울특별시 노원구,37.650855,127.065598
600,15,아파트,24.0,1,1,임대,209757,2025-03-26,서울특별시,서초구,서울특별시 서초구,37.487893,127.042074
601,52,아파트,82.0,1,2,임대,275660,2025-02-09,서울특별시,은평구,서울특별시 은평구,37.593487,126.919537
602,98,아파트,29.0,1,2,임대,13626,2025-06-26,서울특별시,성동구,서울특별시 성동구,37.546405,127.042139
603,60,아파트,91.0,1,3,본인 소유,264043,2025-05-07,서울특별시,강서구,서울특별시 강서구,37.55024,126.847284
604,139,아파트,56.2,1,1,본인 소유,169762,2025-05-08,서울특별시,노원구,서울특별시 노원구,37.663441,127.056979
605,189,아파트,66.3,1,3,임대,259836,2025-02-24,서울특별시,송파구,서울특별시 송파구,37.524476,127.096999
606,154,아파트,44.3,3,1,임대,113920,2025-03-28,서울특별시,노원구,서울특별시 노원구,37.650529,127.048539
607,121,아파트,95.9,2,2,임대,287267,2025-03-14,서울특별시,관악구,서울특별시 관악구,37.468524,126.957814
608,27,아파트,75.1,3,1,임대,268470,2025-04-27,서울특별시,강북구,서울특별시 강북구,37.630081,127.026383
609,233,아파트,52.5,5,2,임대,206292,2025-06-07,서울특별시,은평구,서울특별시 은평구,37.603464,126.929766
610,133,아파트,41.7,5,2,본인 소유,228168,2025-01-12,서울특별시,금천구,서울특별시 금천구,37.4638,126.886781
611,155,아파트,33.6,1,1,임대,68655,2025-01-09,서울특별시,종로구,서울특별시 종로구,37.570919,126.984343
612,23,아파트,61.1,3,3,임대,191323,2025-05-28,서울특별시,노원구,서울특별시 노원구,37.644848,127.053517
613,109,아파트,38.9,3,3,본인 소유,251766,2025-05-04,서울특별시,금천구,서울특별시 금천구,37.45065,126.900612
614,167,아파트,65.7,2,3,임대,39777,2025-06-21,서울특별시,강북구,서울특별시 강북구,37.63851,127.035039
615,125,아파트,49.8,2,2,임대,176280,2025-06-28,서울특별시,성북구,서울특별시 성북구,37.591062,127.02106
616,61,아파트,75.2,4,1,본인 소유,225757,2025-05-30,서울특별시,은평구,서울특별시 은평구,37.603707,126.929379
617,56,아파트,24.1,4,3,본인 소유,237544,2025-01-01,서울특별시,노원구,서울특별시 노원구,37.649669,127.061529
618,8,아파트,45.7,2,2,본인 소유,278667,2025-05-20,서울특별시,영등포구,서울특별시 영등포구,37.522713,126.89602
619,214,아파트,66.1,2,1,본인 소유,43085,2025-02-10,서울특별시,도봉구,서울특별시 도봉구,37.667022,127.045994
620,194,아파트,59.7,2,2,본인 소유,169788,2025-02-27,서울특별시,노원구,서울특별시 노원구,37.661199,127.054418
621,84,아파트,22.4,2,1,본인 소유,261842,2025-01-03,서울특별시,용산구,서울특별시 용산구,37.532619,126.972232
622,176,아파트,25.5,5,1,임대,15495,2025-03-07,서울특별시,성동구,서울특별시 성동구,37.554143,127.03328
623,5,아파트,41.7,3,1,본인 소유,233177,2025-05-17,서울특별시,동작구,서울특별시 동작구,37.504191,126.943607
624,191,아파트,89.3,3,3,임대,266323,2025-04-11,서울특별시,용산구,서울특별시 용산구,37.538583,126.958186
625,71,아파트,41.4,1,1,본인 소유,100925,2025-03-19,서울특별시,강북구,서울특별시 강북구,37.643932,127.022873
626,26,아파트,45.0,3,1,임대,111121,2025-03-18,서울특별시,도봉구,서울특별시 도봉구,37.665994,127.050845
627,87,아파트,89.3,3,3,임대,234699,2025-05-20,서울특별시,동작구,서울특별시 동작구,37.506917,126.93282
628,183,아파트,24.2,1,1,임대,279579,2025-01-13,서울특별시,성동구,서울특별시 성동구,37.558795,127.047936
629,139,아파트,65.5,5,3,임대,166164,2025-01-11,서울특별시,용산구,서울특별시 용산구,37.531527,126.970436
630,128,아파트,77.2,3,3,임대,222204,2025-03-12,서울특별시,노원구,서울특별시 노원구,37.647683,127.057738
631,231,아파트,60.3,1,2,본인 소유,24799,2025-06-02,서울특별시,마포구,서울특별시 마포구,37.548105,126.901835
632,22,아파트,89.4,5,3,임대,63997,2025-03-11,서울특별시,중구,서울특별시 중구,37.556666,127.006455
633,69,아파트,29.1,4,1,임대,167255,2025-06-14,서울특별시,성동구,서울특별시 성동구,37.556759,127.046255
634,84,아파트,62.3,2,2,본인 소유,123012,2025-02-06,서울특별시,용산구,서울특별시 용산구,37.541328,126.964567
635,203,아파트,41.2,3,2,임대,114672,2025-01-16,서울특별시,종로구,서울특별시 종로구,37.573484,126.974831
636,92,아파트,61.9,5,1,본인 소유,106058,2025-03-10,서울특별시,종로구,서울특별시 종로구,37.575201,126.978671
637,200,아파트,70.1,3,2,본인 소유,262396,2025-06-04,서울특별시,은평구,서울특별시 은평구,37.61006,126.935664
638,52,아파트,40.8,5,3,본인 소유,115185,2025-02-22,서울특별시,마포구,서울특별시 마포구,37.54705,126.900913
639,34,아파트,65.8,5,2,임대,94146,2025-02-08,서울특별시,송파구,서울특별시 송파구,37.513579,127.10604
640,6,아파트,68.2,3,1,본인 소유,154825,2025-06-04,서울특별시,송파구,서울특별시 송파구,37.51378,127.111682
641,218,아파트,98.0,3,3,임대,233354,2025-04-09,서울특별시,성동구,서울특별시 성동구,37.557328,127.050389
642,66,아파트,92.9,4,3,임대,137101,2025-03-10,서울특별시,동대문구,서울특별시 동대문구,37.577404,127.04915
643,18,아파트,94.3,2,2,본인 소유,57779,2025-03-26,서울특별시,송파구,서울특별시 송파구,37.513038,127.10528
644,85,아파트,98.5,5,2,본인 소유,81356,2025-03-31,서울특별시,광진구,서울특별시 광진구,37.535165,127.090478
645,228,아파트,47.4,3,1,본인 소유,122036,2025-01-03,서울특별시,마포구,서울특별시 마포구,37.548039,126.899342
646,90,아파트,98.6,3,1,본인 소유,53162,2025-06-15,서울특별시,성북구,서울특별시 성북구,37.593715,127.026156
647,200,아파트,87.1,3,1,임대,136150,2025-03-05,서울특별시,성북구,서울특별시 성북구,37.584293,127.015126
648,230,아파트,85.6,4,2,본인 소유,249646,2025-04-03,서울특별시,종로구,서울특별시 종로구,37.565538,126.987122
649,18,아파트,66.6,4,1,본인 소유,117044,2025-03-27,서울특별시,은평구,서울특별시 은평구,37.594527,126.934233
650,144,아파트,21.4,4,2,임대,171805,2025-04-27,서울특별시,노원구,서울특별시 노원구,37.655956,127.063607
651,224,아파트,99.6,5,2,임대,126528,2025-06-20,서울특별시,성북구,서울특별시 성북구,37.590227,127.012381
652,205,아파트,74.0,2,1,임대,76617,2025-02-15,서울특별시,서초구,서울특별시 서초구,37.485315,127.037234
653,127,아파트,97.0,2,2,본인 소유,178600,2025-05-05,서울특별시,광진구,서울특별시 광진구,37.541924,127.089372
654,134,아파트,82.2,2,2,본인 소유,274395,2025-05-30,서울특별시,성북구,서울특별시 성북구,37.591445,127.013146
655,70,아파트,44.0,1,1,임대,237444,2025-04-26,서울특별시,동대문구,서울특별시 동대문구,37.574345,127.048506
656,223,아파트,82.0,4,1,본인 소유,242268,2025-01-24,서울특별시,구로구,서울특별시 구로구,37.489598,126.893179
657,163,아파트,92.9,3,1,임대,254942,2025-05-24,서울특별시,강남구,서울특별시 강남구,37.57168,126.978012
658,36,아파트,80.4,3,3,임대,73884,2025-05-18,서울특별시,구로구,서울특별시 구로구,37.499069,126.889274
659,164,아파트,48.4,3,3,임대,226779,2025-01-07,서울특별시,동대문구,서울특별시 동대문구,37.570245,127.035396
660,85,아파트,72.5,1,3,임대,284335,2025-05-12,서울특별시,도봉구,서울특별시 도봉구,37.676716,127.03917
661,45,아파트,74.1,1,3,본인 소유,208360,2025-03-21,서울특별시,강남구,서울특별시 강남구,37.565558,126.986914
662,107,아파트,53.9,3,1,본인 소유,237684,2025-06-30,서울특별시,중랑구,서울특별시 중랑구,37.606665,127.084744
663,232,아파트,85.7,2,1,본인 소유,199973,2025-03-07,서울특별시,중구,서울특별시 중구,37.557337,127.006375
664,46,아파트,21.4,5,2,본인 소유,11620,2025-01-17,서울특별시,동대문구,서울특별시 동대문구,37.568766,127.030594
665,177,아파트,54.0,1,1,본인 소유,32259,2025-06-25,서울특별시,성북구,서울특별시 성북구,37.58961,127.009512
666,31,아파트,74.9,3,2,임대,266210,2025-05-03,서울특별시,은평구,서울특별시 은평구,37.612299,126.938812
667,234,아파트,59.1,4,3,임대,201824,2025-04-16,서울특별시,은평구,서울특별시 은평구,37.609042,126.928067
668,61,아파트,90.0,1,1,임대,112499,2025-05-26,서울특별시,금천구,서울특별시 금천구,37.465715,126.889096
669,18,아파트,33.0,1,3,본인 소유,129415,2025-06-19,서울특별시,성동구,서울특별시 성동구,37.546029,127.030974
670,58,아파트,56.6,1,3,본인 소유,10074,2025-01-14,서울특별시,도봉구,서울특별시 도봉구,37.672411,127.043091
671,4,아파트,28.6,5,2,본인 소유,41673,2025-01-20,서울특별시,성동구,서울특별시 성동구,37.548704,127.042821
672,111,아파트,26.1,1,1,본인 소유,17265,2025-05-13,서울특별시,용산구,서울특별시 용산구,37.528541,126.97151
673,146,아파트,33.1,3,2,본인 소유,172434,2025-01-30,서울특별시,성북구,서울특별시 성북구,37.598949,127.025987
674,19,아파트,70.4,1,3,임대,176562,2025-02-24,서울특별시,도봉구,서울특별시 도봉구,37.665645,127.056728
675,206,아파트,24.5,4,3,본인 소유,249967,2025-03-18,서울특별시,강남구,서울특별시 강남구,37.56213,126.969401
676,156,아파트,78.5,3,3,임대,181169,2025-01-30,서울특별시,동대문구,서울특별시 동대문구,37.573318,127.043672
677,165,아파트,44.0,3,2,임대,81805,2025-06-01,서울특별시,종로구,서울특별시 종로구,37.566056,126.980545
678,100,아파트,91.3,4,1,본인 소유,252113,2025-01-11,서울특별시,관악구,서울특별시 관악구,37.475295,126.949406
679,236,아파트,27.5,4,2,임대,116170,2025-04-24,서울특별시,관악구,서울특별시 관악구,37.476748,126.944486
680,62,아파트,96.8,4,1,임대,162324,2025-03-16,서울특별시,동대문구,서울특별시 동대문구,37.574521,127.03275
681,191,아파트,95.6,2,3,본인 소유,41826,2025-05-08,서울특별시,영등포구,서울특별시 영등포구,37.516782,126.899996
682,95,아파트,77.4,3,1,임대,116080,2025-04-21,서울특별시,노원구,서울특별시 노원구,37.644349,127.055254
683,41,아파트,36.9,5,2,본인 소유,176862,2025-01-13,서울특별시,송파구,서울특별시 송파구,37.520763,127.107669
684,60,아파트,59.0,2,1,본인 소유,251356,2025-02-08,서울특별시,금천구,서울특별시 금천구,37.460285,126.894562
685,70,아파트,65.3,1,2,본인 소유,155457,2025-06-15,서울특별시,은평구,서울특별시 은평구,37.602304,126.928818
686,225,아파트,69.5,1,3,본인 소유,212821,2025-05-30,서울특별시,강남구,서울특별시 강남구,37.568383,126.982386
687,10,아파트,71.0,3,3,본인 소유,105335,2025-06-27,서울특별시,동대문구,서울특별시 동대문구,37.574137,127.048198
688,227,아파트,82.2,3,1,임대,176963,2025-05-10,서울특별시,구로구,서울특별시 구로구,37.497859,126.886337
689,56,아파트,53.5,3,3,본인 소유,279754,2025-03-11,서울특별시,구로구,서울특별시 구로구,37.503932,126.891608
690,94,아파트,54.4,1,1,임대,42888,2025-04-04,서울특별시,관악구,서울특별시 관악구,37.481022,126.955898
691,164,아파트,69.2,2,1,임대,60468,2025-06-22,서울특별시,강남구,서울특별시 강남구,37.572036,126.981468
692,194,아파트,78.6,2,2,임대,57599,2025-05-23,서울특별시,마포구,서울특별시 마포구,37.56166,126.905988
693,122,아파트,49.3,1,3,본인 소유,259495,2025-03-07,서울특별시,동작구,서울특별시 동작구,37.506536,126.947801
694,77,아파트,98.4,2,2,본인 소유,91199,2025-03-06,서울특별시,성북구,서울특별시 성북구,37.596563,127.014859
695,107,아파트,49.5,5,1,임대,50297,2025-05-03,서울특별시,송파구,서울특별시 송파구,37.516951,127.102078
696,167,아파트,26.5,1,3,임대,72119,2025-05-11,서울특별시,노원구,서울특별시 노원구,37.654605,127.047542
697,190,아파트,63.4,5,1,임대,146260,2025-04-09,서울특별시,영등포구,서울특별시 영등포구,37.532674,126.890542
698,231,아파트,66.1,5,3,본인 소유,149294,2025-01-11,서울특별시,서초구,서울특별시 서초구,37.476698,127.033152
699,225,아파트,21.1,2,3,임대,120100,2025-02-27,서울특별시,용산구,서울특별시 용산구,37.533556,126.969427
700,9,아파트,77.1,5,2,본인 소유,210065,2025-05-01,서울특별시,동대문구,서울특별시 동대문구,37.583466,127.047564
701,67,아파트,85.5,1,3,임대,107170,2025-05-20,서울특별시,종로구,서울특별시 종로구,37.567704,126.975369
702,97,아파트,61.5,5,2,본인 소유,117724,2025-06-24,서울특별시,광진구,서울특별시 광진구,37.531544,127.091447
703,111,아파트,60.1,1,2,본인 소유,246403,2025-03-17,서울특별시,노원구,서울특별시 노원구,37.660556,127.066379
704,193,아파트,27.9,4,1,본인 소유,122113,2025-05-08,서울특별시,종로구,서울특별시 종로구,37.580566,126.986023
705,100,아파트,83.1,4,1,임대,169912,2025-03-15,서울특별시,종로구,서울특별시 종로구,37.575963,126.976021
706,54,아파트,53.4,5,3,본인 소유,180457,2025-01-29,서울특별시,동대문구,서울특별시 동대문구,37.580445,127.037202
707,53,아파트,26.3,5,1,임대,168698,2025-05-22,서울특별시,용산구,서울특별시 용산구,37.545464,126.967026
708,236,아파트,59.4,5,2,임대,66096,2025-01-18,서울특별시,성북구,서울특별시 성북구,37.587284,127.023664
709,186,아파트,65.8,3,2,임대,149876,2025-02-03,서울특별시,용산구,서울특별시 용산구,37.535066,126.965239
710,224,아파트,81.9,3,3,본인 소유,164841,2025-05-07,서울특별시,마포구,서울특별시 마포구,37.553049,126.917767
711,204,아파트,43.2,4,3,임대,284097,2025-06-20,서울특별시,도봉구,서울특별시 도봉구,37.672592,127.054646
712,45,아파트,42.1,1,2,임대,145996,2025-06-15,서울특별시,강남구,서울특별시 강남구,37.560189,126.97795
713,6,아파트,77.8,5,2,임대,233457,2025-06-24,서울특별시,은평구,서울특별시 은평구,37.602486,126.924822
714,204,아파트,74.7,2,3,본인 소유,99402,2025-01-29,서울특별시,서초구,서울특별시 서초구,37.482952,127.038766
715,46,아파트,29.9,5,3,본인 소유,87658,2025-01-25,서울특별시,중랑구,서울특별시 중랑구,37.606784,127.087287
716,134,아파트,41.6,2,1,본인 소유,150179,2025-04-16,서울특별시,성동구,서울특별시 성동구,37.559066,127.041796
717,229,아파트,20.3,3,3,임대,281334,2025-04-10,서울특별시,동작구,서울특별시 동작구,37.50344,126.931573
718,231,아파트,73.4,5,3,임대,226682,2025-06-03,서울특별시,마포구,서울특별시 마포구,37.544203,126.909963
719,3,아파트,76.0,3,2,임대,293466,2025-06-05,서울특별시,동작구,서울특별시 동작구,37.514811,126.942067
720,165,아파트,82.7,2,2,본인 소유,273881,2025-05-17,서울특별시,서초구,서울특별시 서초구,37.475868,127.039919
721,26,아파트,24.0,4,3,임대,296740,2025-05-18,서울특별시,강남구,서울특별시 강남구,37.568095,126.978804
722,85,아파트,59.5,4,2,임대,117779,2025-03-19,서울특별시,성동구,서울특별시 성동구,37.560512,127.044213
723,190,아파트,24.5,2,2,임대,99031,2025-03-22,서울특별시,광진구,서울특별시 광진구,37.536548,127.091931
724,87,아파트,20.8,4,1,본인 소유,158878,2025-05-31,서울특별시,강남구,서울특별시 강남구,37.559691,126.985711
725,64,아파트,97.6,4,2,임대,37909,2025-01-27,서울특별시,금천구,서울특별시 금천구,37.451102,126.887927
726,227,아파트,35.9,3,2,본인 소유,45863,2025-03-06,서울특별시,송파구,서울특별시 송파구,37.50635,127.097919
727,48,아파트,25.8,4,3,임대,298883,2025-04-03,서울특별시,성동구,서울특별시 성동구,37.557444,127.035086
728,87,아파트,52.2,2,2,임대,49220,2025-05-12,서울특별시,송파구,서울특별시 송파구,37.509671,127.102644
729,9,아파트,61.6,2,1,임대,160534,2025-05-07,서울특별시,도봉구,서울특별시 도봉구,37.660897,127.042459
730,83,아파트,28.5,5,2,본인 소유,192225,2025-04-18,서울특별시,관악구,서울특별시 관악구,37.472208,126.948934
731,59,아파트,64.3,2,2,본인 소유,216063,2025-05-04,서울특별시,강서구,서울특별시 강서구,37.552271,126.857727
732,26,아파트,73.3,2,2,임대,143177,2025-01-09,서울특별시,구로구,서울특별시 구로구,37.49379,126.885214
733,107,아파트,35.0,1,2,본인 소유,287906,2025-02-08,서울특별시,광진구,서울특별시 광진구,37.536703,127.075584
734,225,아파트,52.0,3,3,임대,174052,2025-05-03,서울특별시,노원구,서울특별시 노원구,37.65095,127.047162
735,219,아파트,88.1,3,1,임대,23777,2025-06-25,서울특별시,용산구,서울특별시 용산구,37.532709,126.95781
736,3,아파트,47.3,4,1,임대,144365,2025-01-02,서울특별시,중랑구,서울특별시 중랑구,37.597417,127.099871
737,196,아파트,86.8,4,3,본인 소유,228980,2025-04-07,서울특별시,영등포구,서울특별시 영등포구,37.529688,126.895255
738,10,아파트,65.0,3,1,임대,164099,2025-02-02,서울특별시,금천구,서울특별시 금천구,37.450799,126.902137
739,84,아파트,62.8,2,2,임대,140466,2025-06-30,서울특별시,금천구,서울특별시 금천구,37.449732,126.88765
740,133,아파트,48.0,2,2,본인 소유,129815,2025-02-08,서울특별시,강서구,서울특별시 강서구,37.558062,126.857125
741,78,단독주택,55.5,3,2,본인 소유,82782,2025-05-07,서울특별시,영등포구,서울특별시 영등포구,37.531958,126.893847
742,49,단독주택,78.3,5,1,임대,282827,2025-04-23,서울특별시,중구,서울특별시 중구,37.571773,126.997577
743,229,단독주택,22.3,3,1,임대,281635,2025-02-26,서울특별시,강서구,서울특별시 강서구,37.552244,126.852454
744,107,단독주택,45.2,3,2,임대,264640,2025-06-26,서울특별시,구로구,서울특별시 구로구,37.494247,126.890773
745,31,단독주택,53.7,1,2,본인 소유,197644,2025-01-30,서울특별시,강남구,서울특별시 강남구,37.564227,126.973345
746,38,단독주택,72.1,3,3,본인 소유,239171,2025-03-21,서울특별시,중구,서울특별시 중구,37.558949,127.000805
747,15,단독주택,67.7,5,3,임대,84123,2025-01-07,서울특별시,구로구,서울특별시 구로구,37.490873,126.897
748,144,단독주택,55.8,1,1,본인 소유,171100,2025-04-29,서울특별시,관악구,서울특별시 관악구,37.483917,126.950536
749,83,단독주택,63.3,5,2,본인 소유,102091,2025-06-04,서울특별시,동대문구,서울특별시 동대문구,37.58137,127.04762
750,50,단독주택,86.4,4,1,임대,285478,2025-04-22,서울특별시,동대문구,서울특별시 동대문구,37.567685,127.039574
751,46,단독주택,79.3,5,2,임대,201285,2025-05-13,서울특별시,광진구,서울특별시 광진구,37.532587,127.072988
752,44,단독주택,39.7,3,2,임대,275334,2025-03-27,서울특별시,마포구,서울특별시 마포구,37.552501,126.898757
753,21,단독주택,75.5,2,2,본인 소유,202154,2025-05-16,서울특별시,구로구,서울특별시 구로구,37.493673,126.892403
754,64,단독주택,63.9,5,2,본인 소유,65823,2025-05-25,서울특별시,동작구,서울특별시 동작구,37.520775,126.938107
755,58,단독주택,53.1,5,1,본인 소유,232809,2025-06-08,서울특별시,성동구,서울특별시 성동구,37.551054,127.031372
756,112,단독주택,30.0,2,1,임대,47381,2025-05-02,서울특별시,강서구,서울특별시 강서구,37.544804,126.84329
757,109,단독주택,66.9,1,2,임대,247777,2025-05-24,서울특별시,중구,서울특별시 중구,37.556746,126.994627
758,21,단독주택,34.5,3,2,본인 소유,248411,2025-04-02,서울특별시,관악구,서울특별시 관악구,37.484088,126.951458
759,231,단독주택,29.2,3,1,본인 소유,246981,2025-02-15,서울특별시,금천구,서울특별시 금천구,37.458143,126.896654
760,64,단독주택,22.6,5,2,본인 소유,287834,2025-04-28,서울특별시,강서구,서울특별시 강서구,37.541121,126.853957
761,82,단독주택,87.3,2,1,본인 소유,114470,2025-02-15,서울특별시,구로구,서울특별시 구로구,37.486672,126.888434
762,174,단독주택,52.5,4,2,임대,292751,2025-04-18,서울특별시,서초구,서울특별시 서초구,37.477525,127.034709
763,78,단독주택,84.9,2,1,본인 소유,188394,2025-03-03,서울특별시,중랑구,서울특별시 중랑구,37.615376,127.087961
764,186,단독주택,37.6,3,2,본인 소유,293112,2025-06-24,서울특별시,은평구,서울특별시 은평구,37.611632,126.933626
765,88,단독주택,63.2,4,1,본인 소유,217028,2025-03-05,서울특별시,성북구,서울특별시 성북구,37.594475,127.01914
766,142,단독주택,96.0,3,3,본인 소유,151707,2025-05-18,서울특별시,관악구,서울특별시 관악구,37.472297,126.951427
767,235,단독주택,97.3,5,3,임대,108537,2025-04-03,서울특별시,중랑구,서울특별시 중랑구,37.604616,127.086954
768,237,단독주택,20.8,4,3,임대,111827,2025-05-21,서울특별시,마포구,서울특별시 마포구,37.543501,126.907689
769,66,단독주택,36.5,1,2,임대,251482,2025-06-08,서울특별시,강북구,서울특별시 강북구,37.636577,127.034163
770,196,단독주택,98.5,3,2,임대,36442,2025-01-29,서울특별시,동작구,서울특별시 동작구,37.519307,126.943843
771,209,단독주택,92.6,5,3,임대,54645,2025-05-16,서울특별시,종로구,서울특별시 종로구,37.582696,126.982423
772,209,단독주택,46.1,2,3,임대,210658,2025-03-11,서울특별시,강남구,서울특별시 강남구,37.561152,126.97031
773,77,단독주택,69.9,1,1,임대,200043,2025-01-30,서울특별시,성북구,서울특별시 성북구,37.580627,127.020991
774,238,단독주택,73.8,2,2,본인 소유,128922,2025-03-18,서울특별시,도봉구,서울특별시 도봉구,37.678385,127.051027
775,209,단독주택,77.0,3,1,임대,71293,2025-04-03,서울특별시,강서구,서울특별시 강서구,37.54087,126.85472
776,100,단독주택,45.9,1,2,임대,251540,2025-01-04,서울특별시,성북구,서울특별시 성북구,37.598504,127.011503
777,101,단독주택,72.5,1,2,임대,32995,2025-06-10,서울특별시,중랑구,서울특별시 중랑구,37.612775,127.084934
778,52,단독주택,98.0,4,1,본인 소유,207127,2025-03-29,서울특별시,동작구,서울특별시 동작구,37.505788,126.942036
779,6,단독주택,79.2,4,2,본인 소유,114085,2025-02-15,서울특별시,노원구,서울특별시 노원구,37.661834,127.065638
780,50,단독주택,83.2,3,3,임대,136270,2025-04-23,서울특별시,송파구,서울특별시 송파구,37.505483,127.099721
781,163,단독주택,81.5,3,1,본인 소유,151488,2025-03-26,서울특별시,성북구,서울특별시 성북구,37.597581,127.007282
782,191,단독주택,61.6,2,2,본인 소유,168058,2025-05-04,서울특별시,영등포구,서울특별시 영등포구,37.535289,126.890446
783,238,단독주택,35.6,3,2,임대,51708,2025-02-06,서울특별시,강북구,서울특별시 강북구,37.647592,127.031339
784,10,단독주택,73.0,1,1,임대,28482,2025-06-25,서울특별시,동작구,서울특별시 동작구,37.515857,126.939908
785,238,단독주택,85.5,4,2,본인 소유,292533,2025-01-11,서울특별시,용산구,서울특별시 용산구,37.538101,126.966217
786,44,단독주택,53.0,4,3,임대,70561,2025-06-18,서울특별시,금천구,서울특별시 금천구,37.458017,126.899591
787,192,단독주택,68.8,5,1,본인 소유,46069,2025-01-15,서울특별시,은평구,서울특별시 은평구,37.594086,126.928228
788,6,단독주택,27.2,3,3,임대,170371,2025-04-02,서울특별시,도봉구,서울특별시 도봉구,37.67084,127.051049
789,38,단독주택,54.5,2,2,본인 소유,234872,2025-03-29,서울특별시,노원구,서울특별시 노원구,37.647991,127.064645
790,3,단독주택,40.1,2,1,임대,117584,2025-02-03,서울특별시,성북구,서울특별시 성북구,37.584187,127.015059
791,2,단독주택,83.7,5,3,본인 소유,256549,2025-05-28,서울특별시,구로구,서울특별시 구로구,37.501567,126.885161
792,3,단독주택,84.6,5,3,본인 소유,198726,2025-01-24,서울특별시,용산구,서울특별시 용산구,37.531006,126.962313
793,71,단독주택,40.9,1,1,임대,109250,2025-06-12,서울특별시,종로구,서울특별시 종로구,37.58099,126.969769
794,139,단독주택,52.1,2,1,임대,125074,2025-05-18,서울특별시,성동구,서울특별시 성동구,37.55094,127.041491
795,196,단독주택,42.7,2,2,임대,272199,2025-05-02,서울특별시,마포구,서울특별시 마포구,37.557961,126.906505
796,6,단독주택,20.3,3,1,본인 소유,288637,2025-02-18,서울특별시,용산구,서울특별시 용산구,37.53449,126.955897
797,3,단독주택,72.9,5,1,임대,171941,2025-05-26,서울특별시,노원구,서울특별시 노원구,37.662798,127.057702
798,139,단독주택,76.4,5,1,임대,272630,2025-06-14,서울특별시,성동구,서울특별시 성동구,37.540852,127.033979
799,228,단독주택,27.2,1,2,본인 소유,173347,2025-03-23,서울특별시,노원구,서울특별시 노원구,37.645993,127.053547
800,71,단독주택,76.7,5,2,임대,67175,2025-06-25,서울특별시,구로구,서울특별시 구로구,37.4885,126.890689
801,99,단독주택,71.1,5,2,임대,25401,2025-03-26,서울특별시,금천구,서울특별시 금천구,37.462185,126.901399
802,38,단독주택,52.6,1,2,본인 소유,45135,2025-02-10,서울특별시,관악구,서울특별시 관악구,37.469881,126.961457
803,196,단독주택,86.9,2,3,임대,265792,2025-02-20,서울특별시,동대문구,서울특별시 동대문구,37.564429,127.038492
804,209,단독주택,83.4,5,2,본인 소유,70148,2025-03-20,서울특별시,종로구,서울특별시 종로구,37.566781,126.974604
805,36,단독주택,89.6,4,3,본인 소유,254453,2025-06-19,서울특별시,강남구,서울특별시 강남구,37.563065,126.970257
806,133,단독주택,24.4,2,1,임대,36382,2025-05-12,서울특별시,도봉구,서울특별시 도봉구,37.667868,127.056886
807,232,단독주택,95.1,4,2,본인 소유,45169,2025-03-02,서울특별시,종로구,서울특별시 종로구,37.578085,126.986395
808,50,단독주택,45.4,1,3,임대,266620,2025-04-17,서울특별시,영등포구,서울특별시 영등포구,37.52247,126.89417
809,60,단독주택,28.8,2,3,임대,110474,2025-03-05,서울특별시,도봉구,서울특별시 도봉구,37.669336,127.038242
810,107,단독주택,85.9,5,3,본인 소유,147925,2025-01-30,서울특별시,광진구,서울특별시 광진구,37.544762,127.091358
811,107,단독주택,58.2,5,1,본인 소유,47941,2025-05-02,서울특별시,중랑구,서울특별시 중랑구,37.596656,127.098511
812,81,단독주택,84.0,2,3,본인 소유,95269,2025-03-11,서울특별시,용산구,서울특별시 용산구,37.540352,126.971589
813,191,단독주택,37.1,4,1,임대,43351,2025-06-25,서울특별시,종로구,서울특별시 종로구,37.579722,126.972845
814,191,단독주택,93.5,5,2,임대,270078,2025-06-15,서울특별시,용산구,서울특별시 용산구,37.53018,126.965631
815,234,단독주택,66.8,2,1,본인 소유,275033,2025-04-08,서울특별시,금천구,서울특별시 금천구,37.460309,126.891377
816,82,단독주택,87.0,4,1,임대,42069,2025-03-19,서울특별시,용산구,서울특별시 용산구,37.538689,126.96202
817,9,단독주택,92.7,5,3,임대,134746,2025-06-07,서울특별시,은평구,서울특별시 은평구,37.597235,126.93773
818,81,단독주택,25.8,1,3,임대,165049,2025-06-18,서울특별시,강남구,서울특별시 강남구,37.574692,126.980678
819,139,단독주택,34.4,1,1,임대,84408,2025-01-31,서울특별시,강북구,서울특별시 강북구,37.635667,127.023557
820,73,단독주택,42.8,2,2,본인 소유,160453,2025-06-17,서울특별시,광진구,서울특별시 광진구,37.535126,127.078772
821,234,단독주택,36.5,4,3,본인 소유,17086,2025-03-16,서울특별시,마포구,서울특별시 마포구,37.547212,126.913545
822,56,단독주택,32.0,2,3,임대,279992,2025-01-29,서울특별시,성동구,서울특별시 성동구,37.544737,127.038064
823,66,단독주택,58.7,2,2,본인 소유,101549,2025-01-25,서울특별시,성북구,서울특별시 성북구,37.596098,127.021818
824,70,단독주택,81.0,4,3,본인 소유,105696,2025-05-25,서울특별시,도봉구,서울특별시 도봉구,37.675977,127.049677
825,58,단독주택,53.3,5,3,본인 소유,127026,2025-02-22,서울특별시,은평구,서울특별시 은평구,37.60973,126.928761
826,192,단독주택,73.8,4,2,임대,206701,2025-06-21,서울특별시,성동구,서울특별시 성동구,37.548192,127.046001
827,193,단독주택,65.3,4,3,임대,229516,2025-03-14,서울특별시,도봉구,서울특별시 도봉구,37.659769,127.041306
828,9,단독주택,71.1,2,1,임대,66176,2025-03-18,서울특별시,동작구,서울특별시 동작구,37.515383,126.943261
829,59,단독주택,59.8,5,2,임대,158348,2025-04-22,서울특별시,도봉구,서울특별시 도봉구,37.665145,127.052426
830,79,단독주택,90.6,5,2,임대,182687,2025-02-12,서울특별시,노원구,서울특별시 노원구,37.645648,127.052607
831,44,단독주택,91.0,3,1,임대,213754,2025-02-18,서울특별시,강남구,서울특별시 강남구,37.558362,126.977363
832,231,단독주택,94.6,2,3,본인 소유,85542,2025-04-04,서울특별시,마포구,서울특별시 마포구,37.548281,126.917579
833,144,단독주택,29.0,2,2,본인 소유,70645,2025-06-23,서울특별시,중구,서울특별시 중구,37.571009,126.996187
834,192,단독주택,86.2,1,3,본인 소유,117157,2025-01-20,서울특별시,성동구,서울특별시 성동구,37.549321,127.045873
835,155,단독주택,87.4,5,3,임대,22120,2025-01-08,서울특별시,동대문구,서울특별시 동대문구,37.583096,127.046199
836,73,단독주택,84.2,1,2,임대,31605,2025-02-23,서울특별시,성동구,서울특별시 성동구,37.54798,127.047992
837,64,단독주택,56.5,2,1,임대,213374,2025-03-06,서울특별시,중구,서울특별시 중구,37.571926,126.99599
838,117,단독주택,49.5,3,1,본인 소유,178206,2025-04-21,서울특별시,관악구,서울특별시 관악구,37.481627,126.94944
839,174,단독주택,39.9,1,2,임대,56246,2025-06-03,서울특별시,구로구,서울특별시 구로구,37.487426,126.890918
840,6,단독주택,22.9,5,3,임대,83535,2025-02-21,서울특별시,중랑구,서울특별시 중랑구,37.610583,127.083021
841,75,단독주택,96.8,1,1,본인 소유,248188,2025-06-20,서울특별시,도봉구,서울특별시 도봉구,37.669814,127.053436
842,203,단독주택,32.2,1,2,본인 소유,118541,2025-04-19,서울특별시,은평구,서울특별시 은평구,37.612386,126.92677
843,204,단독주택,99.7,5,3,본인 소유,139560,2025-01-12,서울특별시,강북구,서울특별시 강북구,37.646869,127.034039
844,97,단독주택,32.0,1,3,본인 소유,104488,2025-03-13,서울특별시,중랑구,서울특별시 중랑구,37.604296,127.095521
845,22,단독주택,58.7,2,1,본인 소유,83741,2025-01-01,서울특별시,성북구,서울특별시 성북구,37.589945,127.025297
846,133,단독주택,61.6,4,2,임대,152487,2025-04-21,서울특별시,은평구,서울특별시 은평구,37.610916,126.937966
847,73,단독주택,32.4,3,3,임대,285419,2025-01-23,서울특별시,종로구,서울특별시 종로구,37.564186,126.978851
848,18,단독주택,84.4,4,3,본인 소유,127472,2025-04-23,서울특별시,중랑구,서울특별시 중랑구,37.615859,127.087029
849,139,단독주택,81.2,5,2,본인 소유,215463,2025-03-29,서울특별시,노원구,서울특별시 노원구,37.658966,127.053512
850,62,단독주택,26.9,4,1,본인 소유,107919,2025-01-28,서울특별시,용산구,서울특별시 용산구,37.540772,126.961597
851,3,단독주택,67.4,5,2,임대,271413,2025-03-11,서울특별시,중구,서울특별시 중구,37.556542,126.995034
852,206,단독주택,99.7,4,3,임대,173944,2025-01-10,서울특별시,용산구,서울특별시 용산구,37.534831,126.975365
853,64,단독주택,77.6,3,2,임대,32228,2025-02-21,서울특별시,성동구,서울특별시 성동구,37.55823,127.039218
854,196,단독주택,25.3,2,1,본인 소유,239484,2025-03-02,서울특별시,강서구,서울특별시 강서구,37.558862,126.855587
855,232,단독주택,52.8,1,2,임대,285000,2025-03-03,서울특별시,광진구,서울특별시 광진구,37.539081,127.089789
856,116,단독주택,73.7,2,3,임대,272508,2025-01-09,서울특별시,종로구,서울특별시 종로구,37.569153,126.978117
857,177,단독주택,95.7,1,1,본인 소유,206787,2025-02-03,서울특별시,강서구,서울특별시 강서구,37.554081,126.842026
858,181,단독주택,91.3,5,1,임대,197167,2025-06-29,서울특별시,은평구,서울특별시 은평구,37.605179,126.931622
859,117,단독주택,91.2,3,3,본인 소유,72222,2025-05-14,서울특별시,영등포구,서울특별시 영등포구,37.518479,126.905447
860,59,단독주택,52.9,4,1,임대,145090,2025-03-14,서울특별시,광진구,서울특별시 광진구,37.540019,127.086798
861,181,단독주택,56.7,4,2,본인 소유,244748,2025-01-13,서울특별시,광진구,서울특별시 광진구,37.529439,127.089395
862,79,단독주택,48.5,2,1,본인 소유,70653,2025-04-30,서울특별시,도봉구,서울특별시 도봉구,37.665725,127.053255
863,116,단독주택,38.7,4,1,임대,113107,2025-03-15,서울특별시,용산구,서울특별시 용산구,37.532611,126.965429
864,163,단독주택,50.4,1,2,본인 소유,78122,2025-03-30,서울특별시,구로구,서울특별시 구로구,37.503844,126.889251
865,116,단독주택,85.0,4,1,임대,198210,2025-01-15,서울특별시,강북구,서울특별시 강북구,37.639699,127.019228
866,54,단독주택,70.9,2,2,본인 소유,200128,2025-06-18,서울특별시,금천구,서울특별시 금천구,37.452202,126.900286
867,117,단독주택,52.5,4,2,임대,87271,2025-01-23,서울특별시,중구,서울특별시 중구,37.557672,126.992955
868,237,단독주택,28.3,5,1,임대,109290,2025-02-16,서울특별시,강서구,서울특별시 강서구,37.557785,126.855133
869,94,단독주택,44.2,4,1,임대,26105,2025-01-04,서울특별시,광진구,서울특별시 광진구,37.533294,127.074831
870,117,단독주택,81.2,2,1,임대,237870,2025-06-05,서울특별시,중구,서울특별시 중구,37.565232,126.989363
871,22,단독주택,80.3,2,2,본인 소유,48598,2025-04-10,서울특별시,성동구,서울특별시 성동구,37.554518,127.034192
872,164,단독주택,73.5,2,1,본인 소유,276755,2025-06-06,서울특별시,중랑구,서울특별시 중랑구,37.60209,127.083541
873,7,단독주택,70.3,3,2,임대,258430,2025-01-21,서울특별시,영등포구,서울특별시 영등포구,37.533064,126.904788
874,101,단독주택,85.4,5,2,본인 소유,121573,2025-02-06,서울특별시,중구,서울특별시 중구,37.569713,126.994416
875,177,단독주택,48.4,5,2,본인 소유,10559,2025-03-22,서울특별시,강남구,서울특별시 강남구,37.564225,126.977697
876,192,단독주택,99.4,1,2,임대,107243,2025-06-10,서울특별시,은평구,서울특별시 은평구,37.601332,126.934372
877,192,단독주택,96.0,1,1,본인 소유,195221,2025-03-30,서울특별시,송파구,서울특별시 송파구,37.521632,127.114453
878,10,단독주택,98.3,1,3,본인 소유,239354,2025-06-06,서울특별시,용산구,서울특별시 용산구,37.538256,126.958614
879,50,단독주택,43.4,5,1,임대,260699,2025-05-28,서울특별시,서초구,서울특별시 서초구,37.489732,127.035008
880,52,단독주택,52.2,5,2,본인 소유,276656,2025-03-21,서울특별시,서초구,서울특별시 서초구,37.487978,127.032
881,87,단독주택,99.1,2,1,본인 소유,283495,2025-05-25,서울특별시,은평구,서울특별시 은평구,37.599952,126.920428
882,176,단독주택,85.1,2,1,본인 소유,46382,2025-01-12,서울특별시,중구,서울특별시 중구,37.562053,126.992057
883,206,단독주택,95.4,5,1,본인 소유,220377,2025-03-21,서울특별시,송파구,서울특별시 송파구,37.508805,127.113132
884,66,단독주택,96.8,3,2,본인 소유,288910,2025-01-17,서울특별시,동작구,서울특별시 동작구,37.52084,126.933201
885,114,단독주택,57.7,3,3,임대,41533,2025-04-23,서울특별시,도봉구,서울특별시 도봉구,37.664155,127.046199
886,53,단독주택,26.1,3,2,임대,198057,2025-05-30,서울특별시,강서구,서울특별시 강서구,37.543943,126.859198
887,181,단독주택,56.3,4,3,임대,149152,2025-06-17,서울특별시,강남구,서울특별시 강남구,37.574007,126.98209
888,74,단독주택,61.2,3,2,본인 소유,48314,2025-05-06,서울특별시,구로구,서울특별시 구로구,37.488483,126.894513
889,114,단독주택,33.1,4,1,임대,176866,2025-02-23,서울특별시,중구,서울특별시 중구,37.559967,126.993161
890,82,단독주택,66.4,2,3,임대,63024,2025-03-21,서울특별시,도봉구,서울특별시 도봉구,37.674359,127.053927
891,117,단독주택,72.0,5,2,본인 소유,255453,2025-06-30,서울특별시,도봉구,서울특별시 도봉구,37.664525,127.045576
892,122,단독주택,21.5,3,1,임대,220481,2025-03-22,서울특별시,노원구,서울특별시 노원구,37.660452,127.049372
893,134,단독주택,49.1,4,3,본인 소유,250822,2025-02-26,서울특별시,종로구,서울특별시 종로구,37.574948,126.97699
894,167,단독주택,48.5,1,1,임대,122148,2025-02-21,서울특별시,영등포구,서울특별시 영등포구,37.51819,126.894876
895,181,단독주택,35.4,2,3,임대,127827,2025-01-28,서울특별시,서초구,서울특별시 서초구,37.490979,127.028377
896,193,단독주택,62.2,4,3,본인 소유,173502,2025-01-23,서울특별시,용산구,서울특별시 용산구,37.53137,126.966486
897,186,단독주택,54.5,3,1,임대,67124,2025-01-29,서울특별시,도봉구,서울특별시 도봉구,37.663123,127.040768
898,237,단독주택,71.1,4,1,본인 소유,272037,2025-06-25,서울특별시,강서구,서울특별시 강서구,37.546292,126.842048
899,52,단독주택,33.5,5,3,임대,153572,2025-01-26,서울특별시,마포구,서울특별시 마포구,37.558747,126.913412
900,114,단독주택,59.8,5,3,임대,193744,2025-03-02,서울특별시,동대문구,서울특별시 동대문구,37.573573,127.04304
901,204,단독주택,49.4,1,3,본인 소유,145311,2025-04-07,서울특별시,도봉구,서울특별시 도봉구,37.663942,127.046689
902,142,단독주택,86.6,1,1,임대,155093,2025-06-08,서울특별시,마포구,서울특별시 마포구,37.55927,126.914889
903,165,단독주택,75.9,4,2,본인 소유,13770,2025-04-24,서울특별시,구로구,서울특별시 구로구,37.485801,126.889051
904,192,단독주택,59.7,5,1,본인 소유,180231,2025-03-10,서울특별시,동작구,서울특별시 동작구,37.505165,126.938089
905,239,단독주택,28.7,5,1,임대,114733,2025-05-26,서울특별시,관악구,서울특별시 관악구,37.480386,126.95775
906,239,단독주택,89.4,5,3,본인 소유,22419,2025-06-11,서울특별시,서초구,서울특별시 서초구,37.485772,127.032472
907,59,단독주택,64.5,2,1,본인 소유,172357,2025-06-10,서울특별시,송파구,서울특별시 송파구,37.507002,127.098496
908,39,단독주택,59.5,2,3,본인 소유,95053,2025-01-31,서울특별시,송파구,서울특별시 송파구,37.508219,127.100387
909,192,단독주택,82.7,4,3,본인 소유,207298,2025-01-16,서울특별시,구로구,서울특별시 구로구,37.496385,126.892367
910,186,단독주택,66.8,1,1,본인 소유,223702,2025-04-22,서울특별시,중구,서울특별시 중구,37.561097,127.000154
911,206,단독주택,60.0,5,3,본인 소유,110819,2025-03-13,서울특별시,마포구,서울특별시 마포구,37.544285,126.902692
912,116,단독주택,90.0,3,2,본인 소유,142828,2025-03-11,서울특별시,성동구,서울특별시 성동구,37.557215,127.036748
913,186,단독주택,86.4,3,3,임대,228961,2025-06-03,서울특별시,강서구,서울특별시 강서구,37.556291,126.844552
914,54,단독주택,40.4,1,1,임대,63251,2025-03-27,서울특별시,은평구,서울특별시 은평구,37.609812,126.929714
915,165,단독주택,77.6,5,3,본인 소유,85320,2025-06-15,서울특별시,성북구,서울특별시 성북구,37.592676,127.008968
916,50,단독주택,31.8,2,2,본인 소유,185963,2025-05-05,서울특별시,금천구,서울특별시 금천구,37.454243,126.896446
917,142,단독주택,73.7,5,2,임대,190680,2025-01-27,서울특별시,금천구,서울특별시 금천구,37.465233,126.89971
918,206,단독주택,37.8,5,3,임대,79835,2025-01-06,서울특별시,금천구,서울특별시 금천구,37.456685,126.893259
919,133,단독주택,91.6,2,1,임대,60613,2025-05-16,서울특별시,성동구,서울특별시 성동구,37.5574,127.045398
920,52,단독주택,44.4,3,2,본인 소유,131716,2025-04-05,서울특별시,강북구,서울특별시 강북구,37.634226,127.030397
921,39,단독주택,87.8,1,3,본인 소유,209092,2025-03-04,서울특별시,동대문구,서울특별시 동대문구,37.582689,127.046313
922,193,단독주택,39.6,4,1,본인 소유,266587,2025-05-25,서울특별시,노원구,서울특별시 노원구,37.662238,127.054744
923,74,단독주택,88.9,5,1,임대,39048,2025-02-19,서울특별시,노원구,서울특별시 노원구,37.663624,127.055561
924,114,단독주택,92.1,3,1,임대,94193,2025-02-15,서울특별시,중구,서울특별시 중구,37.571794,126.996709
925,52,단독주택,93.8,2,1,임대,262822,2025-06-04,서울특별시,구로구,서울특별시 구로구,37.502157,126.895056
926,87,단독주택,23.7,5,1,본인 소유,252431,2025-04-28,서울특별시,성북구,서울특별시 성북구,37.597279,127.026187
927,74,단독주택,82.3,2,1,임대,24677,2025-06-20,서울특별시,중구,서울특별시 중구,37.56367,127.001609
928,231,단독주택,35.2,5,1,임대,281484,2025-02-10,서울특별시,구로구,서울특별시 구로구,37.501638,126.893559
929,186,단독주택,87.3,5,1,본인 소유,251876,2025-03-07,서울특별시,금천구,서울특별시 금천구,37.463899,126.900124
930,174,단독주택,81.6,5,3,본인 소유,275415,2025-06-20,서울특별시,서초구,서울특별시 서초구,37.491119,127.029247
931,50,단독주택,79.9,5,1,임대,240144,2025-05-11,서울특별시,금천구,서울특별시 금천구,37.457253,126.897158
